doi,title,journal,year,url,status,info
10.3800/pbr.6.69,Radiolaria: achievements and unresolved issues: taxonomy and cytology,Plankton and Benthos Research,2011,https://www.jstage.jst.go.jp/article/pbr/6/2/6_2_69/_pdf,OK,31.99MB
10.1029/2008gb003221,Radiolaria: Major exporters of organic carbon to the deep ocean,Global Biogeochemical Cycles,2009,https://onlinelibrary.wiley.com/doi/pdfdirect/10.1029/2008GB003221,FAILED,403 Client Error: Forbidden for url: https://onlinelibrary.wiley.com/doi/pdfdirect/10.1029/2008GB003221
10.1038/ismej.2017.12,Biogeography and diversity of Collodaria (Radiolaria) in the global ocean,The ISME Journal,2017,https://www.nature.com/articles/ismej201712.pdf,FAILED,406 Client Error: Not Acceptable for url: https://www.nature.com/articles/ismej201712
10.1093/plankt/24.8.797,Video plankton recorder reveals high abundances of colonial Radiolaria in surface waters of the central North Pacific,Journal of Plankton Research,2002,https://academic.oup.com/plankt/article-pdf/24/8/797/9913527/240797.pdf,FAILED,403 Client Error: Forbidden for url: https://academic.oup.com/plankt/article-pdf/24/8/797/9913527/240797.pdf
10.1371/journal.pone.0023526,Radiolaria Divided into Polycystina and Spasmaria in Combined 18S and 28S rDNA Phylogeny,PLoS ONE,2011,https://journals.plos.org/plosone/article/file?id=10.1371/journal.pone.0023526&type=printable,OK,3.23MB
10.26879/98006,Classification and distribution of South Atlantic Recent polycystine Radiolaria,Palaeontologia Electronica,1998,https://palaeo-electronica.org/content/../1998_2/boltovskoy/text.pdf,FAILED,not pdf content-type: application/json
10.1038/s41396-018-0322-7,High contribution of Rhizaria (Radiolaria) to vertical export in the California Current Ecosystem revealed by DNA metabarcoding,The ISME Journal,2018,https://www.nature.com/articles/s41396-018-0322-7.pdf,FAILED,406 Client Error: Not Acceptable for url: https://www.nature.com/articles/s41396-018-0322-7
10.1073/pnas.94.21.11411,Phylogenetic relationships between the Acantharea and the Polycystinea: A molecular perspective on Haeckel’s Radiolaria,Proceedings of the National Academy of Sciences,1997,https://doi.org/10.1073/pnas.94.21.11411,FAILED,not pdf content-type: application/json
10.1078/1434461000164,Small-Subunit Ribosomal RNA Gene Sequences of Phaeodarea Challenge the Monophyly of Haeckel's Radiolaria,Protist,2004,https://archive-ouverte.unige.ch/unige:174959,FAILED,not pdf content-type: text/html; charset=utf-8
10.1016/j.pocean.2016.09.006,Biogeography of Radiolaria Polycystina (Protista) in the World Ocean,Progress In Oceanography,2016,http://hdl.handle.net/11336/61390,FAILED,"HTTPSConnectionPool(host='ri.conicet.gov.ar', port=443): Max retries exceeded with url: /handle/11336/61390 (Caused by SSLError(SSLEOFError(8, '[SSL: UNEXPECTED_EOF_WHILE_READING] EOF occurred in violation of protocol (_ssl.c:1017)')))"
10.1371/journal.pone.0053598,"Diversity, Ecology and Biogeochemistry of Cyst-Forming Acantharia (Radiolaria) in the Oceans",PLoS ONE,2013,https://journals.plos.org/plosone/article/file?id=10.1371/journal.pone.0053598&type=printable,OK,2.01MB
10.1144/0262-821x11-030,Modern incursions of tropical Radiolaria into the Arctic Ocean,Journal of Micropalaeontology,2012,https://jm.copernicus.org/articles/31/139/2012/jm-31-139-2012.pdf,OK,8.67MB
10.4454/ofioliti.v33i1.356,UPPER TRIASSIC TO CRETACEOUS RADIOLARIA FROM NICARAGUA AND NORTHERN COSTA RICA - THE MESQUITO COMPOSITE OCEANIC TERRANE,IRIS,2008,https://iris.unil.ch/bitstreams/615a7f16-0546-4a76-a38f-cac5204a5ebe/download,OK,6.47MB
10.1016/j.protis.2019.02.002,Time Calibrated Morpho-molecular Classification of Nassellaria (Radiolaria),Protist,2019,https://www.sciencedirect.com/science/article/am/pii/S143446101830110X?via%3Dihub,FAILED,403 Client Error: Forbidden for url: https://www.sciencedirect.com/science/article/am/pii/S143446101830110X?via%3Dihub
10.1371/journal.pone.0035775,Phylogenetic Relationships and Evolutionary Patterns of the Order Collodaria (Radiolaria),PLoS ONE,2012,https://journals.plos.org/plosone/article/file?id=10.1371/journal.pone.0035775&type=printable,OK,2.14MB
10.1016/j.protis.2021.125806,A Morpho-molecular Perspective on the Diversity and Evolution of Spumellaria (Radiolaria),Protist,2021,https://www.sciencedirect.com/science/article/am/pii/S1434461021000158?via%3Dihub,FAILED,403 Client Error: Forbidden for url: https://www.sciencedirect.com/science/article/am/pii/S1434461021000158?via%3Dihub
10.1144/jm.26.1.19,"Latest Permian Entactinaria (Radiolaria) from southern Guangxi, China",Journal of Micropalaeontology,2007,https://jm.copernicus.org/articles/26/19/2007/jm-26-19-2007.pdf,OK,1.46MB
10.5194/bg-12-2019-2015,Flux variations and vertical distributions of siliceous Rhizaria (Radiolaria and Phaeodaria) in the western Arctic Ocean: indices of environmental changes,Biogeosciences,2015,https://bg.copernicus.org/articles/12/2019/2015/bg-12-2019-2015.pdf,OK,12.76MB
10.5281/zenodo.5372195,Lower Tithonian mono- and dicyrtid Nassellaria (Radiolaria) from the Solnhofen area (southern Germany),Zenodo (CERN European Organization for Nuclear Research),2003,https://doi.org/10.5281/zenodo.5372195,FAILED,not pdf content-type: text/html; charset=utf-8
10.1093/plankt/fbx003,"Vertical distribution patterns of Radiolaria Polycystina (Protista) in the World Ocean: living ranges, isothermal submersion and settling shells",Journal of Plankton Research,2017,https://academic.oup.com/plankt/article-pdf/39/2/330/17492601/fbx003.pdf,FAILED,403 Client Error: Forbidden for url: https://academic.oup.com/plankt/article-pdf/39/2/330/17492601/fbx003.pdf
10.17615/qd9s-er66,"Late Cretaceous and Paleogene radiolaria from the Nicoya Peninsula, Costa Rica: A tectonostratigraphic application",Carolina Digital Repository (University of North Carolina at Chapel Hill),2022,https://doi.org/10.17615/qd9s-er66,FAILED,not pdf content-type: application/json; charset=utf-8
10.3800/pbr.4.89,First application of PDMPO to examine silicification in polycystine Radiolaria,Plankton and Benthos Research,2009,https://www.jstage.jst.go.jp/article/pbr/4/3/4_3_89/_pdf,OK,7.06MB
10.1016/j.cub.2025.04.032,"Extant diversity, biogeography, and evolutionary history of Radiolaria",Current Biology,2025,https://www.cell.com/action/showPdf?pii=S0960982225004956,FAILED,403 Client Error: Forbidden for url: https://www.cell.com/action/showPdf?pii=S0960982225004956
10.5109/11810,Micro- and ultra-structures of phaeodarian Radiolaria,Memoirs of the Faculty of Science Kyushu University Series D Earth and planetary sciences,2007,http://hdl.handle.net/2324/11810,FAILED,not pdf content-type: text/html; charset=utf-8
10.1016/j.revmic.2005.09.004,Permian and Triassic Radiolaria from Northwest Thailand: paleogeographical implications,Revue de Micropaléontologie,2005,https://resolver.sub.uni-goettingen.de/purl?gro-2/62612,FAILED,403 Client Error: Forbidden for url: https://publications.goettingen-research-online.de/_ray?/handle/2/62612
10.1144/jm.10.1.22,Detecting radiolaria in the field,Journal of Micropalaeontology,1991,https://jm.copernicus.org/articles/10/22/1991/jm-10-22-1991.pdf,OK,0.61MB
10.2973/odp.proc.sr.113.133.1990,Cretaceous Radiolaria from the Weddell Sea: Leg 113 of the Ocean Drilling Program,Unknown,1990,https://doi.org/10.2973/odp.proc.sr.113.133.1990,FAILED,not pdf content-type: application/json
10.1002/lno.11714,Carbon and nitrogen content to biovolume relationships for marine protist of the Rhizaria lineage (Radiolaria and Phaeodaria),Limnology and Oceanography,2021,https://onlinelibrary.wiley.com/doi/pdfdirect/10.1002/lno.11714,FAILED,403 Client Error: Forbidden for url: https://onlinelibrary.wiley.com/doi/pdfdirect/10.1002/lno.11714
10.1144/jm.26.1.87,"The Radiolaria of the Herefordshire Konservat-Lagerstätte (Silurian), England",Journal of Micropalaeontology,2007,https://jm.copernicus.org/articles/26/87/2007/jm-26-87-2007.pdf,OK,0.50MB
10.1007/bf02988433,"Early Tithonian Saturnalidae (Radiolaria) from the Solnhofen area (Southern Franconian Alb, southern Germany)",Paläontologische Zeitschrift,2008,https://serval.unil.ch/notice/serval:BIB_024007ACA61A,FAILED,not pdf content-type: text/html; charset=utf-8
10.1128/mbio.00302-23,Single-Cell Genomics Reveals the Divergent Mitochondrial Genomes of Retaria (Foraminifera and Radiolaria),mBio,2023,https://doi.org/10.1128/mbio.00302-23,FAILED,not pdf content-type: application/json
10.1007/s00015-011-0072-2,Aalenian to Cenomanian Radiolaria of the Bermeja Complex (Puerto Rico) and Pacific origin of radiolarites on the Caribbean Plate,Swiss Journal of Geosciences,2011,https://sjg.springeropen.com/counter/pdf/10.1007/s00015-011-0072-2,OK,5.65MB
10.1144/jmpaleo2013-003,"On the Lower Cambrian biotic and geochemical record of the Hetang Formation (Yangtze Platform, south China): evidence for biogenic silica and possible presence of Radiolaria",Journal of Micropalaeontology,2013,https://jm.copernicus.org/articles/32/207/2013/jm-32-207-2013.pdf,OK,1.62MB
10.3389/fmars.2021.666896,Silicon Isotope Signatures of Radiolaria Reveal Taxon-Specific Differences in Isotope Fractionation,Frontiers in Marine Science,2021,https://www.frontiersin.org/articles/10.3389/fmars.2021.666896/pdf,OK,3.26MB
10.7186/bgsm58201213,"Aptian to Turonian Radiolaria from the Darvel Bay Ophiolite Complex, Kunak, Sabah",Bulletin of the Geological Society of Malaysia,2012,http://www.gsm.org.my/products/702001-100346-PDF.pdf,FAILED,404 Client Error: Not Found for url: http://gsm.org.my/products/702001-100346-PDF.pdf
10.1186/1471-2164-7-135,Acquisition of genome information from single-celled unculturable organisms (radiolaria) by exploiting genome profiling (GP),BMC Genomics,2006,https://bmcgenomics.biomedcentral.com/counter/pdf/10.1186/1471-2164-7-135,OK,0.49MB
10.1111/1462-2920.16081,"Intra‐genomic <scp>rRNA</scp> gene variability of Nassellaria and Spumellaria (Rhizaria, Radiolaria) assessed by Sanger, <scp>MinION</scp> and Illumina sequencing",Environmental Microbiology,2022,https://onlinelibrary.wiley.com/doi/pdfdirect/10.1111/1462-2920.16081,FAILED,403 Client Error: Forbidden for url: https://onlinelibrary.wiley.com/doi/pdfdirect/10.1111/1462-2920.16081
10.2517/prpsj.5.131,"Regular axopodial activity of Diplosphaera hexagonalis Haeckel (spheroidal spumellarian, Radiolaria)",Paleontological Research,2001,https://doi.org/10.2517/prpsj.5.131,FAILED,not pdf content-type: application/json
10.1007/s00015-006-0611-4,Radiolaria – Siliceous plankton through time,Eclogae Geologicae Helvetiae,2006,https://sjg.springeropen.com/counter/pdf/10.1007/s00015-006-0611-4,OK,0.77MB
10.13130/2039-4942/5869,"MIDDLE CARNIAN (LATE TRIASSIC) NASSELLARIA (RADIOLARIA) OF KÖSEYAHYA NAPPE FROM EASTERN TAURIDES, EASTERN TURKEY",Riviste UNIMI (Università degli studi di Milano),2015,https://riviste.unimi.it/index.php/RIPS/article/view/5869,FAILED,not pdf content-type: text/html; charset=utf-8
10.7186/bgsm43199950,"Significance of Early Jurassic Radiolaria from West Sarawak, Malaysia",Bulletin of the Geological Society of Malaysia,1999,http://www.gsm.org.my/products/702001-100790-PDF.pdf,FAILED,404 Client Error: Not Found for url: http://gsm.org.my/products/702001-100790-PDF.pdf
10.1007/s12542-009-0043-3,Eptingiacea and Saturnaliacea (Radiolaria) from the middle Carnian of Turkey and some late Ladinian to early Norian samples from Oman and Alaska,Paläontologische Zeitschrift,2009,https://serval.unil.ch/notice/serval:BIB_262F8ADA29FF,FAILED,not pdf content-type: text/html; charset=utf-8
10.13130/2039-4942/6265,LATE LADINIAN (MIDDLE TRIASSIC) SPUMELLARIA (RADIOLARIA) FROM THE DINARIDES OF BOSNIA AND HERZEGOVINA,Riviste UNIMI (Università degli studi di Milano),2015,https://riviste.unimi.it/index.php/RIPS/article/view/6265,FAILED,not pdf content-type: text/html; charset=utf-8
10.1144/jmpaleo2014-013,Biostratigraphical and palaeobiogeographical implications of Lower Silurian Radiolaria from black cherts of the Armorican Massif (France),Journal of Micropalaeontology,2014,https://jm.copernicus.org/articles/33/165/2014/jm-33-165-2014.pdf,OK,5.13MB
10.1144/jmpaleo2014-012,"Phylogenetic model of &amp;lt;i&amp;gt;Follicucullus&amp;lt;/i&amp;gt; lineages (Albaillellaria, Radiolaria) based on high-resolution biostratigraphy of the Permian Bancheng Formation, Guangxi, South China",Journal of Micropalaeontology,2014,https://jm.copernicus.org/articles/33/179/2014/jm-33-179-2014.pdf,OK,3.11MB
10.1007/s00015-006-0608-z,A new genus of Entactiniidae (Radiolaria) from the Upper Permian of South China,Eclogae Geologicae Helvetiae,2006,https://sjg.springeropen.com/counter/pdf/10.1007/s00015-006-0608-z,OK,2.80MB
10.5281/zenodo.16184562,"Permian Albaillellaria (Radiolaria) from a limestone lens at the Arrow Rocks in the Waipapa Terrane (Northland, New Zealand)",Zenodo (CERN European Organization for Nuclear Research),1999,https://doi.org/10.5281/zenodo.16184562,FAILED,not pdf content-type: text/html; charset=utf-8
10.5281/zenodo.16672932,"Taxonomic study of Ordovician (Llanvirn-Caradoc) Radiolaria from the Southern Uplands (Scotland, U.K.)",Zenodo (CERN European Organization for Nuclear Research),1999,https://doi.org/10.5281/zenodo.16672932,FAILED,not pdf content-type: text/html; charset=utf-8
10.1007/s00015-006-0603-4,Upper Jurassic Radiolaria from the Vocontian basin of SE France,Eclogae Geologicae Helvetiae,2006,https://sjg.springeropen.com/counter/pdf/10.1007/s00015-006-0603-4,OK,1.32MB
10.2517/prpsj.2.96,"Early to Middle Devonian Ceratoikiscidae (Radiolaria) from the Yokokurayama Group in the Kurosegawa Terrane, Southwest Japan",Paleontological Research,1998,https://doi.org/10.2517/prpsj.2.96,FAILED,not pdf content-type: application/json
10.1080/00288306.1999.9514857,"Distribution and biostratigraphy of latest Eocene to latest Oligocene Radiolaria from the Mahurangi Limestone, Northland, New Zealand",New Zealand Journal of Geology and Geophysics,1999,https://www.tandfonline.com/doi/pdf/10.1080/00288306.1999.9514857?download=true,FAILED,403 Client Error: Forbidden for url: https://www.tandfonline.com/doi/pdf/10.1080/00288306.1999.9514857?download=true
10.1093/ismejo/wraf047,Metabolic interdependence and rewiring in radiolaria-microalgae photosymbioses,The ISME Journal,2025,https://academic.oup.com/ismej/advance-article-pdf/doi/10.1093/ismejo/wraf047/62352185/wraf047.pdf,FAILED,403 Client Error: Forbidden for url: https://academic.oup.com/ismej/advance-article-pdf/doi/10.1093/ismejo/wraf047/62352185/wraf047.pdf
10.1080/03115510208619255,"High latitude, late Campanian (Cretaceous) Radiolaria from offshore south-eastern Tasmania",Alcheringa An Australasian Journal of Palaeontology,2002,https://figshare.com/articles/journal_contribution/High_Latitude_Late_Campanian_Cretaceous_Radiolaria_from_offshore_south-eastern_Tasmania/22843862,FAILED,403 Client Error: Forbidden for url: https://figshare.com/articles/journal_contribution/High_Latitude_Late_Campanian_Cretaceous_Radiolaria_from_offshore_south-eastern_Tasmania/22843862
10.1111/iar.12286,"Integrated Radiolaria, benthic foraminifera and conodont biochronology of the pelagic Permian blocks/tectonic slices and geochemistry of associated volcanic rocks from the Mersin Mélange, southern Turkey: Implications for the Permian evolution of the northern Neotethys",Island Arc,2018,https://onlinelibrary.wiley.com/doi/pdfdirect/10.1111/iar.12286,FAILED,403 Client Error: Forbidden for url: https://onlinelibrary.wiley.com/doi/pdfdirect/10.1111/iar.12286
10.5575/geosoc.109.635,"Early Devonian Palaeoscenidiidae (Radiolaria) from the ""Yoshiki Formation"" in the Fukuji area of the Hida-gaien Terrane, central Japan, and its biostratigraphic significance",The Journal of the Geological Society of Japan,2003,https://www.jstage.jst.go.jp/article/geosoc1893/109/11/109_11_635/_pdf,OK,2.87MB
10.4454/ofioliti.v24i1a.9,"MIDDLE JURASSIC TO EARLY CRETACEOUS RADIOLARIA FROM THE OMGON RANGE, WESTERN KAMCHATKA",Ofioliti,1999,https://www.ofioliti.it/index.php/ofioliti/article/view/9,FAILED,not pdf content-type: text/html; charset=utf-8
10.1029/2011jc007728,<i>Rhizoplegma boreale</i> (Radiolaria): A tracer for mesoscale eddies from coastal areas,Journal of Geophysical Research Atmospheres,2012,https://onlinelibrary.wiley.com/doi/pdfdirect/10.1029/2011JC007728,FAILED,403 Client Error: Forbidden for url: https://onlinelibrary.wiley.com/doi/pdfdirect/10.1029/2011JC007728
10.1111/j.1440-1738.1996.tb00017.x,"Preliminary report on Lower Jurassic radiolaria of Gondwana origin from the Kawhia coast, New Zealand",Island Arc,1996,https://onlinelibrary.wiley.com/doi/pdfdirect/10.1111/j.1440-1738.1996.tb00017.x,FAILED,403 Client Error: Forbidden for url: https://onlinelibrary.wiley.com/doi/pdfdirect/10.1111/j.1440-1738.1996.tb00017.x
10.1016/j.revmic.2016.11.004,"Mono- and dicyrtid Nassellaria (Radiolaria) from the Upper Carnian of the Sorgun Ophiolitic Mélange, Southern Turkey and Kopría Mélange, Rhodes, Greece",Revue de Micropaléontologie,2017,https://www.sciencedirect.com/science/article/pii/S0035159816300824,FAILED,403 Client Error: Forbidden for url: https://www.sciencedirect.com/science/article/pii/S0035159816300824
10.7186/bgsm41199710,"Significance of Early Carboniferous Radiolaria from Langkap, Negeri Sembilan, Malaysia",Bulletin of the Geological Society of Malaysia,1997,http://www.gsm.org.my/products/702001-100866-PDF.pdf,FAILED,404 Client Error: Not Found for url: http://gsm.org.my/products/702001-100866-PDF.pdf
10.2517/prpsj.2.75,"The fine structures of some living Spyrida (Nassellaria, Radiolaria) and their implications for nassellarian classification",Paleontological Research,1998,https://doi.org/10.2517/prpsj.2.75,FAILED,not pdf content-type: application/json
10.5281/zenodo.15957446,"Cuboctostylus n. gen., a new Late Cretaceous spicule-bearing spumellarian Radiolaria from southern Sakhalin (Russia)",Zenodo (CERN European Organization for Nuclear Research),1999,https://doi.org/10.5281/zenodo.15957446,FAILED,not pdf content-type: text/html; charset=utf-8
10.5575/geosoc.103.113,"Cretaceous Radiolaria from the Lower Yezo Group, central Hokkaido, Japan",The Journal of the Geological Society of Japan,1997,https://www.jstage.jst.go.jp/article/geosoc1893/103/2/103_2_113/_pdf,OK,2.88MB
10.1111/1462-2920.70098,Is the Gelatinous Matrix of Nassellaria (Radiolaria) a Strategy for Coping With Oligotrophy?,Environmental Microbiology,2025,https://onlinelibrary.wiley.com/doi/pdfdirect/10.1111/1462-2920.70098,FAILED,403 Client Error: Forbidden for url: https://onlinelibrary.wiley.com/doi/pdfdirect/10.1111/1462-2920.70098
10.5194/jm-41-165-2022,Artificial intelligence applied to the classification of eight middle Eocene species of the genus <i>Podocyrtis</i> (polycystine radiolaria),Journal of Micropalaeontology,2022,https://jm.copernicus.org/articles/41/165/2022/jm-41-165-2022.pdf,OK,5.46MB
10.5169/seals-167268,"Late Aptian-Early Albian radiolaria of the Windalia radiolarite (type section), Carnarvon Basin, Western Australia",E-Periodica,1993,https://doi.org/10.5169/seals-167268,FAILED,not pdf content-type: text/html;charset=utf-8
10.2517/prpsj.1.144,"The enclosing latticed sphere of Tuscaridium cygneum (Murray), a eurybathyal phaeodarian Radiolaria, from the North Pacific",Paleontological Research,1997,https://doi.org/10.2517/prpsj.1.144,FAILED,not pdf content-type: application/json
10.1111/jeu.70062,The Romantic Discovery of Radiolaria in the Ocean,Journal of Eukaryotic Microbiology,2026,https://www.ncbi.nlm.nih.gov/pmc/articles/12813588,FAILED,403 Client Error: Forbidden for url: https://pmc.ncbi.nlm.nih.gov/articles/12813588
10.5575/geosoc.102.824,"Late Silurian and Early Devonian Polycystine(Radiolaria) from the Middle Paleozoic deposits in the Kamaishi area, northeast Japan.",The Journal of the Geological Society of Japan,1996,https://www.jstage.jst.go.jp/article/geosoc1893/102/9/102_9_824/_pdf,OK,0.90MB
10.17576/jsm-2017-4612-11,"Penemuan Zon Himpunan Pseudoalbaillella globosa (radiolaria) di Pos Blau, Baratdaya Kelantan, Semenanjung Malaysia dan Implikasinya terhadap Biostratigrafi Radiolaria",Sains Malaysiana,2017,https://doi.org/10.17576/jsm-2017-4612-11,FAILED,not pdf content-type: application/json
10.1134/s0031030119080045,Worldwide Distribution Patterns of the Planktonic Shelled Protists Radiolaria (Polycystina) and Foraminifera: Similarities and Contrasts,Paleontological Journal,2019,http://hdl.handle.net/11336/150921,FAILED,"HTTPConnectionPool(host='127.0.0.1', port=7890): Max retries exceeded with url: http://hdl.handle.net/11336/150921 (Caused by ResponseError('too many 500 error responses'))"
10.1111/iar.12271,Morphological characteristics of a dimorphic pair of <i>Albaillella sinuata</i> Ishiga and Watase: Dimorphism in the lineage of the Permian Albaillellaria (Radiolaria),Island Arc,2018,https://onlinelibrary.wiley.com/doi/pdfdirect/10.1111/iar.12271,FAILED,403 Client Error: Forbidden for url: https://onlinelibrary.wiley.com/doi/pdfdirect/10.1111/iar.12271
10.3354/meps12229,Seasonality in the vertical flux and species composition of Radiolaria Polycystina (Protista): patterns and drivers,Marine Ecology Progress Series,2017,https://www.int-res.com/articles/meps2017/578/m578p051.pdf,FAILED,401 Client Error: Unauthorized for url: https://www.int-res.com/articles/meps2017/578/m578p051.pdf
10.33265/polar.v42.9584,Radiolaria and Phaeodaria (siliceous Rhizaria) in south-western and northern Norwegian fjords during late summer 2016: dominant species and biomass in shallow-water assemblages,Polar Research,2023,https://polarresearch.net/index.php/polar/article/download/9584/16228,OK,6.79MB
10.1016/j.palwor.2018.08.002,"Foraminifera, Radiolaria and Conodont assemblages from the Early Mississipian (late Tournaisian)/Early Pennsylvanian (early Bashkirian) blocks within the Mersin Mélange, southern Turkey: Biochronological and paleogeographical implications",Palaeoworld,2018,https://hdl.handle.net/11511/37140,FAILED,"HTTPSConnectionPool(host='hdl.handle.net', port=443): Max retries exceeded with url: /11511/37140 (Caused by ResponseError('too many 500 error responses'))"
10.1038/s41598-022-06974-2,"Micro- and nanometric characterization of the celestite skeleton of acantharian species (Radiolaria, Rhizaria)",Scientific Reports,2022,https://www.nature.com/articles/s41598-022-06974-2.pdf,OK,2.18MB
10.3389/fmars.2023.1150518,An effective method to extract and purify radiolaria from tropical marine sediments,Frontiers in Marine Science,2023,https://www.frontiersin.org/articles/10.3389/fmars.2023.1150518/pdf,FAILED,"('Connection broken: IncompleteRead(17398928 bytes read, 19448361 more expected)', IncompleteRead(17398928 bytes read, 19448361 more expected))"
10.24821/corak.v6i2.2396,DEFORMASI BENTUK DAN TEKSTUR RADIOLARIA DALAM KERAMIK INSTALASI,CORAK,2017,http://journal.isi.ac.id/index.php/corak/article/download/2396/880,FAILED,"HTTPSConnectionPool(host='journal.isi.ac.id', port=443): Max retries exceeded with url: /index.php/corak/article/download/2396/880 (Caused by SSLError(SSLCertVerificationError(1, '[SSL: CERTIFICATE_VERIFY_FAILED] certificate verify failed: unable to get local issuer certificate (_ssl.c:1017)')))"
10.1134/s0031030109010122,"New replacement names for the genera Adamas Afanasieva, 2000 and Wonella Afanasieva, 2000 (Radiolaria)",Paleontological Journal,2009,https://link.springer.com/content/pdf/10.1134/S0031030109010122.pdf,OK,0.07MB
10.1017/jpa.2022.82,"Progress in understanding middle Eocene nassellarian (Radiolaria, Polycystinea) diversity; new insights from the western equatorial Atlantic Ocean",Journal of Paleontology,2022,https://doi.org/10.1017/jpa.2022.82,FAILED,not pdf content-type: application/json
10.17576/jsm-2022-5107-03,"Radiolaria Perm Awal daripada Ladang Harmoni, Pos Blau, Baratdaya Kelantan",Sains Malaysiana,2022,https://doi.org/10.17576/jsm-2022-5107-03,FAILED,not pdf content-type: application/json
10.2517/prpsj.2.155,"Taxonomy and phylogeny of the genus Theocorys (Nassellaria, Radiolaria) from the Eocene and Oligocene sequences in the Antarctic region",Paleontological Research,1998,https://doi.org/10.2517/prpsj.2.155,FAILED,not pdf content-type: application/json
10.1093/plankt/fbv065,Molecular evidence for wide vertical distribution of the marine planktonic protist<i>Larcopyle buetschlii</i>(Radiolaria) in a semi-enclosed marginal sea,Journal of Plankton Research,2015,https://academic.oup.com/plankt/article-pdf/37/5/851/14110780/fbv065.pdf,FAILED,403 Client Error: Forbidden for url: https://academic.oup.com/plankt/article-pdf/37/5/851/14110780/fbv065.pdf
10.5194/bgd-11-16645-2014,Flux variations and vertical distributions of microzooplankton (Radiolaria) in the western Arctic Ocean: environmental indices in a warming Arctic,Unknown,2014,https://doi.org/10.5194/bgd-11-16645-2014,FAILED,not pdf content-type: application/json
10.26879/98002,Evidence of Binary Division in Mature Central Capsules of a Collosphaerid Colonial Radiolarians: Implications for Shell Ontogenetic Patterns in Modern and Fossil Species,Palaeontologia Electronica,1998,https://palaeo-electronica.org/1998_1/anderson/text.pdf,OK,0.41MB
10.5109/19196,"Distribution of polycystine Radiolaria, Phaeodaria and Acantharia in the Kuroshio Current off Shikoku Island and Tosa Bay during Cruise KT07-19 in August 2007",Memoirs of the Faculty of Science Kyushu University Series D Earth and planetary sciences,2011,https://catalog.lib.kyushu-u.ac.jp/opac_download_md/19196/p039.pdf,FAILED,"[Errno 2] No such file or directory: '放射虫论文_OA_download\\Onodera_2011 - Memoirs of the Faculty of Science Kyushu University Series D Earth and planetary sciences - Distribution of polycystine Radiolaria, Phaeodaria and Acantharia in the Kuroshio Current off Shikoku.pdf'"
10.1038/s41467-020-18879-7,Marine plankton show threshold extinction response to Neogene climate change,Nature Communications,2020,https://www.nature.com/articles/s41467-020-18879-7.pdf,OK,3.99MB
10.55653/forma.2024.001.004,Evaluation of the Effect of Outreach Activities on Publicizing Radiolarians in Japan Based on the Analysis of Google Trends of “Radiolaria” in 2012–2022,Forma,2024,https://www.jstage.jst.go.jp/article/forma/39/1/39_S15/_pdf,OK,7.77MB
10.1016/j.protis.2025.126102,Transcriptomic analyses reveal sexual cues in reproductive life stages of uncultivated Acantharia (Radiolaria),Protist,2025,https://archimer.ifremer.fr/doc/00951/106320/,FAILED,406 Client Error:  for url: https://archimer.ifremer.fr/doc/00951/106320/
10.1016/j.revmic.2023.100717,"Late Sinemurian and Early Pliensbachian Radiolaria from Mount Rettenstein (Northern Calcareous Alps, Austria). Part 1. Nassellaria",Revue de Micropaléontologie,2023,https://doi.org/10.1016/j.revmic.2023.100717,FAILED,not pdf content-type: application/json
10.1144/jm.21.1.28,"&amp;lt;i&amp;gt;Paulanoblella&amp;lt;/i&amp;gt;, nomen novum (Radiolaria) replaces &amp;lt;i&amp;gt;Noblella&amp;lt;/i&amp;gt; Kozur, Mostler &amp;amp; Repetski, 1996, a homonym of &amp;lt;i&amp;gt;Noblella&amp;lt;/i&amp;gt; Barbour, 1930 (Amphibia)",Journal of Micropalaeontology,2002,https://jm.copernicus.org/articles/21/28/2002/jm-21-28-2002.pdf,OK,0.03MB
10.5047/forma.2016.002,"Possible Boundaries between &lt;I&gt;Pseudoalbaillella&lt;/I&gt; and &lt;I&gt;Follicucullus&lt;/I&gt; (Follicucullidae, Albaillellaria, Radiolaria): An Example of Morphological Information from Fossils and Its Use in Taxonomy",Forma,2016,http://doi.org/10.5047/forma.2016.002,FAILED,not pdf content-type: application/json
10.5252/g2017n3a4,Taxonomy of Paleozoic radiolarian genera,Geodiversitas,2017,https://hal.science/hal-02487251v1/file/Noble%20et%20al%202017%20taxonomy-of-paleozoic-radiolarian-genera.pdf,FAILED,not pdf content-type: text/html; charset=utf-8
10.17576/jsm-2018-4710-03,"Fosil Radiolaria daripada Batuan Bersilika-Rijang di Pos Blau (Singkapan PB-1), Baratdaya Kelantan, Semenanjung Malaysia",Sains Malaysiana,2018,https://doi.org/10.17576/jsm-2018-4710-03,FAILED,not pdf content-type: application/json
10.7203/sjp.22.1.20389,"Sella, A NEW NAME FOR THE GENUS Linaresia EL KADIRI, 1992 (NASSELLARIA, RADIOLARIA) PREOCCUPIED BY COPEPOD CRUSTACEANS (LAMIPPIDAE, MAXILLOPODA)",Spanish Journal of Palaeontology,2021,https://ojs.uv.es/index.php/sjpalaeontology/article/download/20389/18174,FAILED,not pdf content-type: text/html; charset=utf-8
10.1016/j.revmic.2024.100818,"Actinomma sogndalensis n. sp. (Radiolaria, Polycystina) an endemic species to the Sognefjord, western Norway",Revue de Micropaléontologie,2024,https://doi.org/10.1016/j.revmic.2024.100818,FAILED,not pdf content-type: application/json
10.1016/j.quascirev.2024.109054,Southern Ocean Water Mass method: A new statistical approach using microfossil radiolaria for paleoceanographic insights for the Southwest Pacific sector of the Southern Ocean,Quaternary Science Reviews,2024,https://doi.org/10.1016/j.quascirev.2024.109054,FAILED,not pdf content-type: application/json
10.1098/rsbl.2013.0283,Ancient DNA complements microfossil record in deep-sea subsurface sediments,Biology Letters,2013,https://www.ncbi.nlm.nih.gov/pmc/articles/3730641,FAILED,403 Client Error: Forbidden for url: https://pmc.ncbi.nlm.nih.gov/articles/3730641
10.1017/s2475262200006134,"A new phylogenetic lineage (Radiolaria) from the uppermost Triassic of the Queen Charlotte Islands, British Columbia",The Paleontological Society Special Publications,1992,https://www.cambridge.org/core/services/aop-cambridge-core/content/view/D6D7735D8F5855F3D8D4BBF81FF610E7/S2475262200006134a.pdf/div-class-title-a-new-phylogenetic-lineage-radiolaria-from-the-uppermost-triassic-of-the-queen-charlotte-islands-british-columbia-div.pdf,OK,0.16MB
10.22456/1807-9806.20301,"O Gênero Stylatractus Haeckel, 1887 (Radiolaria) em Sedimentos do Pleistoceno Superior - Holoceno da Margem Continental do Rio Grande do Sul",Pesquisas em Geociências,2001,https://seer.ufrgs.br/PesquisasemGeociencias/article/download/20301/pdf,OK,3.02MB
10.1093/plankt/fbs028,Mesozooplankton and particulate matter responses to a deep-water frontal system in the southern California Current System,Journal of Plankton Research,2012,https://academic.oup.com/plankt/article-pdf/34/9/815/4322814/fbs028.pdf,FAILED,403 Client Error: Forbidden for url: https://academic.oup.com/plankt/article-pdf/34/9/815/4322814/fbs028.pdf
10.1144/jm.15.2.131,Abdomen wall structure of &amp;lt;i&amp;gt;Holocryptocanium barbui&amp;lt;/i&amp;gt; (Radiolaria),Journal of Micropalaeontology,1996,https://jm.copernicus.org/articles/15/131/1996/jm-15-131-1996.pdf,OK,1.16MB
10.12681/bgsg.16332,"PALAEONTOLOGICAL (RADIOLARIAN) LATE JURASSIC AGE CONSTRAINT FOR THE STEPANAVAN OPHIOLITE (LESSER CAUCASUS, ARMENIA)",Bulletin of the Geological Society of Greece,2018,https://ejournals.epublishing.ekt.gr/index.php/geosociety/article/download/16332/14557,OK,3.65MB
10.2183/pjab.80.10,"Stratigraphy of the Middle-Upper Permian and Lowermost Triassic at Chaotian, Sichuan, China Record of Late Permian double mass extinction event",Proceedings of the Japan Academy Series B,2004,https://www.jstage.jst.go.jp/article/pjab/80/1/80_1_10/_pdf,OK,1.10MB
10.1017/jpa.2025.10131,Resolution of taxonomic ambiguities among siliceous Cambrian microfossils: poriferan affinity of <i>Blastulospongia</i> and phylogeny of archaeospicularians (Radiolaria),Journal of Paleontology,2025,https://www.cambridge.org/core/services/aop-cambridge-core/content/view/BE1B984A82F8CD14E40EC1B4B1C00D9B/S0022336025101315a.pdf/div-class-title-resolution-of-taxonomic-ambiguities-among-siliceous-cambrian-microfossils-poriferan-affinity-of-span-class-italic-blastulospongia-span-and-phylogeny-of-archaeospicularians-radiolaria-div.pdf,OK,26.60MB
10.4319/lo.1990.35.1.0154,Oceanic province: Assessment from the time-series diatom fluxes in the northeastern Pacific,Limnology and Oceanography,1990,https://onlinelibrary.wiley.com/doi/pdfdirect/10.4319/lo.1990.35.1.0154,FAILED,403 Client Error: Forbidden for url: https://onlinelibrary.wiley.com/doi/pdfdirect/10.4319/lo.1990.35.1.0154
10.1016/j.revmic.2023.100752,"Late Sinemurian and Early Pliensbachian Radiolaria from Mount Rettenstein (Northern Calcareous Alps, Austria). Part 2. Entactinaria and Spumellaria",Revue de Micropaléontologie,2023,https://doi.org/10.1016/j.revmic.2023.100752,FAILED,not pdf content-type: application/json
10.34194/geusb.v1.4649,The Upper Jurassic of Europe: its subdivision and correlation,Geological Survey of Denmark and Greenland Bulletin,2003,https://geusbulletin.org/index.php/geusb/article/download/4649/10302,OK,0.70MB
10.1073/pnas.0812979106,Radiolarians decreased silicification as an evolutionary response to reduced Cenozoic ocean silica availability,Proceedings of the National Academy of Sciences,2009,https://www.ncbi.nlm.nih.gov/pmc/articles/2695065,FAILED,403 Client Error: Forbidden for url: https://pmc.ncbi.nlm.nih.gov/articles/2695065
10.1038/s41598-020-77812-6,Innovative microfossil (radiolarian) analysis using a system for automated image collection and AI-based classification of species,Scientific Reports,2020,https://www.nature.com/articles/s41598-020-77812-6.pdf,OK,2.23MB
10.3389/feart.2023.1176196,Deep ocean particle flux in the Northeast Atlantic over the past 30 years: carbon sequestration is controlled by ecosystem structure in the upper ocean,Frontiers in Earth Science,2023,https://www.frontiersin.org/articles/10.3389/feart.2023.1176196/pdf?isPublishedV2=False,OK,5.83MB
10.7186/bgsm51200504,"Permian Radiolarian Biostratigraphy of the Semanggol Formation, south Kedah, Peninsular Malaysia",Bulletin of the Geological Society of Malaysia,2005,http://www.gsm.org.my/products/702001-100549-PDF.pdf,FAILED,404 Client Error: Not Found for url: http://gsm.org.my/products/702001-100549-PDF.pdf
10.1002/gj.3350250216,"Plankton stratigraphy edited by H. M. Bolli, J. B. Saunders and K. Perch‐Nielsen, Volume 1: Planktonic foraminifera, calcareous nannofossils and calpionellids. No. of pages: 599. Volume 2: Radiolaria, diatoms, silicoflagellates, dinoflagellates and ichthyoliths, Cambridge University Press, 1989. No. of pages: 407. Price: £30 (paperback)",Geological Journal,1990,https://onlinelibrary.wiley.com/doi/pdfdirect/10.1002/gj.3350250216,FAILED,403 Client Error: Forbidden for url: https://onlinelibrary.wiley.com/doi/pdfdirect/10.1002/gj.3350250216
10.5194/bg-11-5847-2014,Protist community composition during early phytoplankton blooms in the naturally iron-fertilized Kerguelen area (Southern Ocean),Biogeosciences,2014,https://bg.copernicus.org/articles/11/5847/2014/bg-11-5847-2014.pdf,OK,1.57MB
10.1144/jm.9.1.45,"Radiolarians and Diatoms from the mid-Cretaceous Successions of the Sergipe Basin, Northeastern Brazil: palaeoceanographic Assessment",Journal of Micropalaeontology,1990,https://jm.copernicus.org/articles/9/45/1990/jm-9-45-1990.pdf,OK,1.82MB
10.5026/jgeography.111.33,Taxonomy and Diversity History of Paleozoic Radiolarians,Journal of Geography (Chigaku Zasshi),2002,https://www.jstage.jst.go.jp/article/jgeography1889/111/1/111_1_33/_pdf,OK,3.88MB
10.1144/jm.27.2.191,"&amp;lt;i&amp;gt;Riedeliusella,&amp;lt;/i&amp;gt; a new name for the genus &amp;lt;i&amp;gt;Riedelius&amp;lt;/i&amp;gt; De Wever, 1982 (Radiolaria), non Hudec, 1961 (Gastropoda)",Journal of Micropalaeontology,2008,https://jm.copernicus.org/articles/27/191/2008/jm-27-191-2008.pdf,OK,0.03MB
10.7186/bgsm57201107,Lower Carboniferous (Tournaisian) radiolarians from Peninsular Malaysia and their significance,Bulletin of the Geological Society of Malaysia,2011,http://www.gsm.org.my/products/702001-100361-PDF.pdf,FAILED,404 Client Error: Not Found for url: http://gsm.org.my/products/702001-100361-PDF.pdf
10.1111/1462-2920.16524,DNA metabarcoding focused on difficult‐to‐culture protists: An effective approach to clarify biological interactions,Environmental Microbiology,2023,https://fra.repo.nii.ac.jp/records/2005005,FAILED,not pdf content-type: text/html; charset=utf-8
10.1080/03115519608619222,"Mid-Cretaceous calcareous and siliceous microfossils from the basal Gearle Siltstone, Giralia Anticline, Southern Carnarvon Basin",Alcheringa An Australasian Journal of Palaeontology,1996,https://www.tandfonline.com/doi/pdf/10.1080/03115519608619222?needAccess=true,FAILED,403 Client Error: Forbidden for url: https://www.tandfonline.com/doi/pdf/10.1080/03115519608619222?needAccess=true
10.1029/2018gb005877,The Significance of Giant Phaeodarians (Rhizaria) to Biogenic Silica Export in the California Current Ecosystem,Global Biogeochemical Cycles,2018,https://agupubs.onlinelibrary.wiley.com/doi/pdfdirect/10.1029/2018GB005877,FAILED,403 Client Error: Forbidden for url: https://agupubs.onlinelibrary.wiley.com/doi/pdfdirect/10.1029/2018GB005877
10.1144/jm.27.2.189,"&amp;lt;i&amp;gt;Pentaspongoreta&amp;lt;/i&amp;gt;, nomen novum for the genus &amp;lt;i&amp;gt;Anachoreta&amp;lt;/i&amp;gt; O’Dogherty, 1994 (Radiolaria), non Gistel, 1848 (Hymenoptera)",Journal of Micropalaeontology,2008,https://jm.copernicus.org/articles/27/189/2008/jm-27-189-2008.pdf,OK,0.03MB
10.12681/bgsg.17111,"Palaeoceanographic implications of new and revised bio-chronostratigraphic constraints from the Profitis Ilias Unit (Rhodes, Greece)",Bulletin of the Geological Society of Greece,2018,https://ejournals.epublishing.ekt.gr/index.php/geosociety/article/download/17111/15268,OK,3.48MB
10.1016/j.jseaes.2011.04.027,"Early-middle Carnian radiolarian cherts within the Eymir Unit, Central Turkey: Constraints for the age of the Palaeotethyan Karakaya Complex",Journal of Asian Earth Sciences,2011,https://hdl.handle.net/11511/32110,FAILED,"HTTPSConnectionPool(host='hdl.handle.net', port=443): Max retries exceeded with url: /11511/32110 (Caused by ResponseError('too many 500 error responses'))"
10.1016/j.cretres.2011.12.010,"Bio-events, foraminiferal and nannofossil biostratigraphy of the Cenomanian/Turonian boundary interval in the Subsilesian Nappe, Rybie section, Polish Carpathians",Cretaceous Research,2012,http://ruj.uj.edu.pl/xmlui/handle/item/3137,FAILED,not pdf content-type: text/html; charset=utf-8
10.1144/jm.24.1.55,Foraminiferal evidence for inner neritic deposition of Lower Cretaceous (Upper Aptian) radiolarian-rich black shales on the Western Australian margin,Journal of Micropalaeontology,2005,https://jm.copernicus.org/articles/24/55/2005/jm-24-55-2005.pdf,OK,4.16MB
10.1144/jmpaleo2016-016,"An aberrant bi-apical<i>Follicucullus</i>(Albaillellaria) from the late Guadalupian (Middle Permian), with the possible oldest evidence of double malformation in radiolarians",Journal of Micropalaeontology,2017,https://www.j-micropalaeontol.net/36/222/2017/jm-36-222-2017.pdf,OK,0.30MB
10.46717/igj.51.1.2ms-2018-06-24,"MESOZOIC TETHYAN RADIOLARITE AGE DETERMINATION, ZAGROS SUTURE ZONE, KURDISTAN, NE IRAQ",Iraqi Geological Journal,2018,https://igj-iraq.org/igj/index.php/igj/article/download/59/1405,FAILED,403 Client Error: Forbidden for url: https://igj-iraq.org/igj/index.php/igj/article/download/59/1405
10.1007/s00015-006-0605-2,"Turonian Radiolarians from Karnezeika, Argolis Peninsula, Peloponnesus (Greece)",Eclogae Geologicae Helvetiae,2006,https://sjg.springeropen.com/counter/pdf/10.1007/s00015-006-0605-2,OK,4.07MB
10.1002/jqs.784,Quaternary palaeoceanographic changes in the northern South China Sea (ODP Site 1146): radiolarian evidence,Journal of Quaternary Science,2003,https://onlinelibrary.wiley.com/doi/pdfdirect/10.1002/jqs.784,FAILED,403 Client Error: Forbidden for url: https://onlinelibrary.wiley.com/doi/pdfdirect/10.1002/jqs.784
10.1016/j.ejar.2018.06.007,Planktonic protozoan population in the Southeastern Mediterranean off Egypt,The Egyptian Journal of Aquatic Research,2018,https://doi.org/10.1016/j.ejar.2018.06.007,FAILED,not pdf content-type: application/json
10.5575/geosoc.112.535,"Early Permian radiolarians from mudstone at Hisage in the Dai area, Nagato Tectonic Zone, Southwest Japan",The Journal of the Geological Society of Japan,2006,https://www.jstage.jst.go.jp/article/geosoc/112/8/112_8_535/_pdf,OK,1.27MB
10.2478/v10096-009-0010-7,"The clasts of Cretaceous marls in the conglomerates of the Konradsheim Formation (Pöchlau quarry, Gresten Klippen Zone, Austria)",Geologica Carpathica,2009,https://doi.org/10.2478/v10096-009-0010-7,FAILED,not pdf content-type: application/json
10.1016/j.jafrearsci.2016.09.039,"Radiolarian biochronology of upper Anisian to upper Ladinian (Middle Triassic) blocks and tectonic slices of volcano-sedimentary successions in the Mersin Mélange, southern Turkey: New insights for the evolution of Neotethys",Journal of African Earth Sciences,2016,https://hdl.handle.net/11511/30392,FAILED,"HTTPSConnectionPool(host='hdl.handle.net', port=443): Max retries exceeded with url: /11511/30392 (Caused by ResponseError('too many 500 error responses'))"
10.5539/esr.v3n1p72,"Ostracod, Diatom and Radiolarian Biostratigraphy of the Niger Delta, Nigeria",Earth Science Research,2013,https://ccsenet.org/journal/index.php/esr/article/download/33107/19164,OK,1.63MB
10.46717/igj.54.1f.8ms-2021-06-28,Depositional Environment of the Ibrahim Formation and Determining the Oligocene-Early Miocene Boundary in Eastern Iraq,Iraqi Geological Journal,2021,https://igj-iraq.org/igj/index.php/igj/article/download/509/512,FAILED,not pdf content-type: text/html
10.37590/able.v42.art68,Radiolaria Cell Measurement Lab,Advances in Biology Laboratory Education,2022,https://www.ableweb.org/volumes/vol-42/?art=68,OK,0.35MB
10.9795/bullgsj.71.239,Radiolarian-inspired art design: Simplification and identification,BULLETIN OF THE GEOLOGICAL SURVEY OF JAPAN,2020,https://www.jstage.jst.go.jp/article/bullgsj/71/4/71_239/_pdf,OK,1.95MB
10.17738/ajes.2018.0013,"Jurassic–Cretaceous radiolarian-bearing strata from the Gresten Klippen Zone and the St. Veit Klippen Zone (Wienerwald, Eastern Alps, Austria): Implications for stratigraphy and paleogeography",Mitteilungen der Österreichischen Geologischen Gesellschaft/Austrian journal of earth sciences,2018,https://sciendo.com/pdf/10.17738/ajes.2018.0013,FAILED,[Errno 2] No such file or directory: '放射虫论文_OA_download\\lczka_2018 - Mitteilungen der Österreichischen Geologischen Gesellschaft_Austrian journal of earth sciences - Jurassic–Cretaceous radiolarian-bearing strata from the Gresten Klippen Zone and the St. Veit K.pdf'
10.1093/petrology/egq054,High-pressure Hydrous Phase Relations of Radiolarian Clay and Implications for the Involvement of Subducted Sediment in Arc Magmatism,Journal of Petrology,2010,https://academic.oup.com/petrology/article-pdf/51/11/2211/16670565/egq054.pdf,FAILED,403 Client Error: Forbidden for url: https://academic.oup.com/petrology/article-pdf/51/11/2211/16670565/egq054.pdf
10.5252/g2017n3a5,Paleozoic radiolarian biostratigraphy,Geodiversitas,2017,https://zenodo.org/record/5380585,FAILED,not pdf content-type: text/html; charset=utf-8
10.1016/j.dsr2.2005.07.009,Radiolarians in the Sea of Okhotsk and their ecological implication for paleoenvironmental reconstructions,Deep Sea Research Part II Topical Studies in Oceanography,2005,https://www.sciencedirect.com/science/article/pii/S0967064505001931,FAILED,403 Client Error: Forbidden for url: https://www.sciencedirect.com/science/article/pii/S0967064505001931
10.2973/odp.proc.sr.119.137.1991,"Radiolarians from the Kerguelen Plateau, Leg 119",Unknown,1991,https://doi.org/10.2973/odp.proc.sr.119.137.1991,FAILED,not pdf content-type: application/json
10.1371/journal.pone.0104297,Intracellular Diversity of the V4 and V9 Regions of the 18S rRNA in Marine Protists (Radiolarians) Assessed by High-Throughput Sequencing,PLoS ONE,2014,https://journals.plos.org/plosone/article/file?id=10.1371/journal.pone.0104297&type=printable,OK,1.25MB
10.2973/odp.proc.sr.120.192.1992,"Antarctic Neogene Radiolarians from the Kerguelen Plateau, Legs 119 and 120",Unknown,1992,https://doi.org/10.2973/odp.proc.sr.120.192.1992,FAILED,not pdf content-type: application/json
10.2973/odp.proc.sr.145.107.1995,"Miocene to Pleistocene Radiolarian Biostratigraphy of North Pacific Sites 881, 884, 885, 886, and 887",Unknown,1995,https://doi.org/10.2973/odp.proc.sr.145.107.1995,FAILED,not pdf content-type: application/json
10.2973/odp.proc.sr.138.111.1995,"Radiolarian Stratigraphy, Leg 138",Unknown,1995,https://doi.org/10.2973/odp.proc.sr.138.111.1995,FAILED,not pdf content-type: application/json
10.2973/odp.proc.sr.120.177.1992,"Radiolarian Paleogene Biostratigraphy in the Southern Indian Ocean, Leg 120",Unknown,1992,https://doi.org/10.2973/odp.proc.sr.120.177.1992,FAILED,not pdf content-type: application/json
10.1017/jpa.2016.96,Middle and Late Jurassic radiolarians from the Neotethys suture in the Eastern Alps,Journal of Paleontology,2016,https://www.cambridge.org/core/services/aop-cambridge-core/content/view/58CBA15B385E7A48A31AF7B43B868768/S0022336016000962a.pdf/div-class-title-middle-and-late-jurassic-radiolarians-from-the-neotethys-suture-in-the-eastern-alps-div.pdf,OK,7.80MB
10.1007/s00015-007-1228-y,Living radiolarian feeding mechanisms: new light on past marine ecosystems,Swiss Journal of Geosciences,2007,https://sjg.springeropen.com/counter/pdf/10.1007/s00015-007-1228-y,OK,0.82MB
10.1111/j.1529-8817.2006.00206.x,"UNICELLULAR CYANOBIONTS IN OPEN OCEAN DINOFLAGELLATES, RADIOLARIANS, AND TINTINNIDS: ULTRASTRUCTURAL CHARACTERIZATION AND IMMUNO‐LOCALIZATION OF PHYCOERYTHRIN AND NITROGENASE<sup>1</sup>",Journal of Phycology,2006,https://onlinelibrary.wiley.com/doi/pdfdirect/10.1111/j.1529-8817.2006.00206.x,FAILED,403 Client Error: Forbidden for url: https://onlinelibrary.wiley.com/doi/pdfdirect/10.1111/j.1529-8817.2006.00206.x
10.2973/odp.proc.sr.117.132.1991,"Composition and Biostratigraphy of Radiolarian Assemblages from an Area of Upwelling (Northwestern Arabian Sea, Leg 117)",Unknown,1991,https://doi.org/10.2973/odp.proc.sr.117.132.1991,FAILED,not pdf content-type: application/json
10.1007/s00015-006-0609-y,"The plankton turnover at the Permo-Triassic boundary, emphasis on radiolarians",Eclogae Geologicae Helvetiae,2006,https://sjg.springeropen.com/counter/pdf/10.1007/s00015-006-0609-y,OK,0.52MB
10.1144/jm.24.2.97,New species of prunoid radiolarians from the Antarctic Neogene,Journal of Micropalaeontology,2005,https://jm.copernicus.org/articles/24/97/2005/jm-24-97-2005.pdf,OK,3.76MB
10.1016/0377-8398(93)90023-q,New calibration of Neogene radiolarian events in the North Pacific,Marine Micropaleontology,1993,https://doi.org/10.1016/0377-8398(93)90023-q,FAILED,not pdf content-type: application/json
10.1127/pala/266/2002/1,Radiolarian Biostratigraphy of Peninsular Malaysia and Implications for Regional Palaeotectonics and Palaeogeography,Palaeontographica Abteilung A,2002,https://rune.une.edu.au/web/retrieve/593ca4fc-8ab7-4ac7-8195-a88f99365b98,OK,3.63MB
10.7186/bgsm57201105,Radiolarian Biostratigraphy of Peninsular Malaysia — An update,Bulletin of the Geological Society of Malaysia,2011,http://www.gsm.org.my/products/702001-100363-PDF.pdf,FAILED,404 Client Error: Not Found for url: http://gsm.org.my/products/702001-100363-PDF.pdf
10.2973/odp.proc.sr.129.121.1992,"Jurassic and Early Cretaceous Radiolarians from Leg 129, Sites 800 and 801, Western Pacific Ocean",Unknown,1992,https://doi.org/10.2973/odp.proc.sr.129.121.1992,FAILED,not pdf content-type: application/json
10.1016/j.epsl.2016.08.006,A silicon depleted North Atlantic since the Palaeogene: Evidence from sponge and radiolarian silicon isotopes,Earth and Planetary Science Letters,2016,https://doi.org/10.1016/j.epsl.2016.08.006,FAILED,not pdf content-type: application/json
10.5575/geosoc.109.96,Radiolarian biozonation for the upper Quaternary in the Japan Sea.,The Journal of the Geological Society of Japan,2003,https://www.jstage.jst.go.jp/article/geosoc1893/109/2/109_2_96/_pdf,OK,1.42MB
10.5109/11807,"Detailed vertical distribution of radiolarian assemblage (0-3000 m, fifteen layers) in the central subarctic Pacific, June 2006",Memoirs of the Faculty of Science Kyushu University Series D Earth and planetary sciences,2008,https://catalog.lib.kyushu-u.ac.jp/opac_download_md/11807/MFSD32_1p049.pdf,FAILED,"[Errno 2] No such file or directory: '放射虫论文_OA_download\\Tanaka_2008 - Memoirs of the Faculty of Science Kyushu University Series D Earth and planetary sciences - Detailed vertical distribution of radiolarian assemblage (0-3000 m, fifteen layers) in the central su.pdf'"
10.1007/s00015-007-1237-x,Jurassic radiolarian-bearing series of Tunisia: biostratigraphy and significance to western Tethys correlations,Swiss Journal of Geosciences,2007,https://sjg.springeropen.com/counter/pdf/10.1007/s00015-007-1237-x,OK,3.71MB
10.1007/s00015-006-0604-3,"Radiolarian faunal turnover through the Paleocene-Eocene transition, Mead Stream, New Zealand",Eclogae Geologicae Helvetiae,2006,https://sjg.springeropen.com/counter/pdf/10.1007/s00015-006-0604-3,OK,2.99MB
10.1016/s0377-8398(96)00011-4,"Experimental and observational studies of radiolarian physiological ecology, 6. Effects of silicate-supplemented seawater on the longevity and weight gain of spongiose radiolarians Spongaster tetras and Dictyocoryne truncatum",Marine Micropaleontology,1997,https://doi.org/10.1016/s0377-8398(96)00011-4,FAILED,not pdf content-type: application/json
10.5252/geodiversitas2021v43a21,Catalogue of Cenozoic radiolarian genera (Class Polycystinea),Geodiversitas,2021,http://hdl.handle.net/10498/35275,FAILED,"HTTPSConnectionPool(host='rodin.uca.es', port=443): Max retries exceeded with url: /handle/10498/35275 (Caused by ReadTimeoutError(""HTTPSConnectionPool(host='rodin.uca.es', port=443): Read timed out. (read timeout=60)""))"
10.1007/s11434-007-0302-1,"Characteristics of Early Eocene radiolarian assemblages of the Saga area, southern Tibet and their constraint on the closure history of the Tethys",Chinese Science Bulletin,2007,https://ruj.uj.edu.pl/xmlui/handle/item/63043,FAILED,not pdf content-type: text/html; charset=utf-8
10.2973/odp.proc.sr.120.165.1992,"Early to Middle Miocene Radiolarian Stratigraphy of the Kerguelen Plateau, Leg 120",Unknown,1992,https://doi.org/10.2973/odp.proc.sr.120.165.1992,FAILED,not pdf content-type: application/json
10.4454/ofioliti.v31i1.325,"GEOCHEMISTRY, TECTONO-MAGMATIC DISCRIMINATION AND RADIOLARIAN AGES OF BASIC EXTRUSIVES WITHIN THE IZMIR-ANKARA SUTURE BELT (NW TURKEY): TIME CONSTRAINTS FOR THE NEOTETHYAN EVOLUTION",OpenMETU (Middle East Technical University),2006,https://hdl.handle.net/11511/52905,FAILED,"HTTPSConnectionPool(host='hdl.handle.net', port=443): Max retries exceeded with url: /11511/52905 (Caused by ResponseError('too many 500 error responses'))"
10.4202/app.2008.0076,Neogene Radiolarian Biostratigraphy and Faunal Evolution Rates in the Eastern Equatorial Pacific ODP Sites 845 and 1241,Acta Palaeontologica Polonica,2009,https://www.app.pan.pl/article/item/article/item/app20080076.html?pdf=39,OK,1.37MB
10.1016/j.jseaes.2012.08.002,Devonian radiolarians and tentaculitids from central Laos,Journal of Asian Earth Sciences,2012,https://figshare.com/articles/journal_contribution/Devonian_radiolarians_and_tentaculitids_from_central_Laos/22902644,FAILED,403 Client Error: Forbidden for url: https://figshare.com/articles/journal_contribution/Devonian_radiolarians_and_tentaculitids_from_central_Laos/22902644
10.5252/g2017n3a3,An illustrated catalogue and revised classification of paleozoic radiolarian genera,Geodiversitas,2017,http://hdl.handle.net/20.500.12210/34364,FAILED,"HTTPConnectionPool(host='127.0.0.1', port=7890): Max retries exceeded with url: http://hdl.handle.net/20.500.12210/34364 (Caused by ResponseError('too many 500 error responses'))"
10.5252/g2009n2a2,"An illustrated and revised catalogue of Mesozoic radiolarian genera — objectives, concepts and guide for users",Geodiversitas,2009,https://zenodo.org/record/4688220,FAILED,not pdf content-type: text/html; charset=utf-8
10.1038/s41598-019-42771-0,Adding a new dimension to investigations of early radiolarian evolution,Scientific Reports,2019,https://www.nature.com/articles/s41598-019-42771-0.pdf,OK,2.39MB
10.1144/jmpaleo2012-027,Jørgensen’s polycystine radiolarian slide collection and new species,Journal of Micropalaeontology,2014,https://jm.copernicus.org/articles/33/21/2014/jm-33-21-2014.pdf,OK,14.41MB
10.5281/zenodo.13175160,Siliceous biota (radiolarians and sponges) and the Late Devonian biotic crisis: The Polish reference,Unknown,2002,https://doi.org/10.5281/zenodo.13175160,FAILED,not pdf content-type: text/html; charset=utf-8
10.5194/cp-16-2415-2020,"Technical note: A new automated radiolarian image acquisition, stacking, processing, segmentation and identification workflow",Climate of the past,2020,https://cp.copernicus.org/articles/16/2415/2020/cp-16-2415-2020.pdf,OK,5.89MB
10.1111/let.12374,"Integrated conodont and radiolarian biostratigraphy of the upper Norian in Baoshan Block, Southwestern China",Lethaia,2020,https://onlinelibrary.wiley.com/doi/pdfdirect/10.1111/let.12374,FAILED,403 Client Error: Forbidden for url: https://onlinelibrary.wiley.com/doi/pdfdirect/10.1111/let.12374
10.1016/j.earscirev.2021.103672,Early Paleozoic radiolarian plankton diversity and the Great Ordovician Biodiversification Event,Earth-Science Reviews,2021,https://www.sciencedirect.com/science/article/am/pii/S0012825221001732,FAILED,403 Client Error: Forbidden for url: https://www.sciencedirect.com/science/article/am/pii/S0012825221001732
10.1186/s40645-019-0256-3,Paleoceanographic changes in the Northern East China Sea during the last 400 kyr as inferred from radiolarian assemblages (IODP Site U1429),Progress in Earth and Planetary Science,2019,https://progearthplanetsci.springeropen.com/track/pdf/10.1186/s40645-019-0256-3,OK,5.80MB
10.4454/ofioliti.v32i2.350,AGE OF THE JURASSIC RADIOLARIAN CHERT FORMATION FROM THE ZLATAR MOUNTAIN (SW SERBIA),edoc (University of Basel),2007,https://edoc.unibas.ch/13098/,FAILED,not pdf content-type: text/html; charset=utf-8
10.26879/718,Taxonomy and species diversity of Holocene pylonioid radiolarians from surface sediments of the northeastern Indian Ocean,Palaeontologia Electronica,2017,http://palaeo-electronica.org/content/pdfs/718.pdf,FAILED,not pdf content-type: application/json
10.4202/app.2011.0040,Volgian and Santonian—Campanian Radiolarian Events of the Russian Arctic and Pacific Rim,Acta Palaeontologica Polonica,2012,https://www.app.pan.pl/article/item/article/item/app20110040.html?pdf=39,OK,1.37MB
10.4454/ofioliti.v25i1.114,"JURASSIC RADIOLARIAN BIOSTRATIGRAPHY OF THE SEDIMENTARY COVER OF OPHIOLITES IN THE MIRDITA AREA, ALBANIA: NEW DATA",Ofioliti,2000,https://www.ofioliti.it/index.php/ofioliti/article/view/114/114,FAILED,not pdf content-type: text/html; charset=utf-8
10.1093/plankt/fbg107,First record of a brackish radiolarian (Polycystina): Lophophaena rioplatensis n. sp. in the Rio de la Plata estuary,Journal of Plankton Research,2003,https://academic.oup.com/plankt/article-pdf/25/12/1551/4221398/fbg107.pdf,FAILED,403 Client Error: Forbidden for url: https://academic.oup.com/plankt/article-pdf/25/12/1551/4221398/fbg107.pdf
10.2973/odp.proc.sr.145.110.1995,"EoceneOligocene Radiolarians from Leg 145, North Pacific",Unknown,1995,https://doi.org/10.2973/odp.proc.sr.145.110.1995,FAILED,not pdf content-type: application/json
10.4454/ofioliti.v32i2.353,DISCOVERY OF THE OLDEST (UPPER LADINIAN TO MIDDLE CARNIAN) RADIOLARIAN ASSEMBLAGES FROM THE BORNOVA FLYSCH ZONE IN WESTERN TURKEY: IMPLICATIONS FOR THE EVOLUTION OF THE NEOTETHYAN IZMIR-ANKARA OCEAN,Ofioliti,2007,https://www.ofioliti.it/index.php/ofioliti/article/view/353/346,FAILED,not pdf content-type: text/html; charset=utf-8
10.1111/jpy.12174,"<scp><i>B</i></scp><i>randtodinium</i> gen. nov. and <scp><i>B</i></scp><i>. nutricula</i> comb. <scp>N</scp>ov. (<scp>D</scp>inophyceae), a dinoflagellate commonly found in symbiosis with polycystine radiolarians",Journal of Phycology,2014,https://hal.sorbonne-universite.fr/hal-01140979/document,FAILED,not pdf content-type: text/html; charset=utf-8
10.5252/g2017n3a6,Inventory of Paleozoic radiolarian species (1880–2016),Geodiversitas,2017,https://zenodo.org/record/5207244,FAILED,not pdf content-type: text/html; charset=utf-8
10.1144/0262-821x10-026,New species of Neogene radiolarians from the Southern Ocean,Journal of Micropalaeontology,2012,https://jm.copernicus.org/articles/31/29/2012/jm-31-29-2012.pdf,OK,1.89MB
10.5194/essd-13-5441-2021,The Southern Ocean Radiolarian (SO-RAD) dataset: a new compilation of modern radiolarian census data,Earth system science data,2021,https://essd.copernicus.org/articles/13/5441/2021/essd-13-5441-2021.pdf,OK,3.76MB
10.1111/1462-2920.15766,Subcellular architecture and metabolic connection in the planktonic photosymbiosis between Collodaria (radiolarians) and their microalgae,Environmental Microbiology,2021,https://onlinelibrary.wiley.com/doi/pdfdirect/10.1111/1462-2920.15766,FAILED,403 Client Error: Forbidden for url: https://onlinelibrary.wiley.com/doi/pdfdirect/10.1111/1462-2920.15766
10.1093/molbev/mst150,Molecular Evidence for β-tubulin Neofunctionalization in Retaria (Foraminifera and Radiolarians),Molecular Biology and Evolution,2013,https://academic.oup.com/mbe/article-pdf/30/11/2487/13174469/mst150.pdf,FAILED,403 Client Error: Forbidden for url: https://academic.oup.com/mbe/article-pdf/30/11/2487/13174469/mst150.pdf
10.2973/odp.proc.sr.127128.125.1992,Radiolarians from the Sea of Japan: Leg 128,Unknown,1992,https://doi.org/10.2973/odp.proc.sr.127128.125.1992,FAILED,not pdf content-type: application/json
10.1111/j.1475-4983.2008.00803.x,THE MIDDLE ORDOVICIAN<i>PROVENTOCITUM PROCERULUM</i>RADIOLARIAN ASSEMBLAGE OF SPITSBERGEN AND ITS BIOSTRATIGRAPHIC CORRELATION,Palaeontology,2008,https://onlinelibrary.wiley.com/doi/pdfdirect/10.1111/j.1475-4983.2008.00803.x,FAILED,403 Client Error: Forbidden for url: https://onlinelibrary.wiley.com/doi/pdfdirect/10.1111/j.1475-4983.2008.00803.x
10.5194/cp-11-1599-2015,Expansion and diversification of high-latitude radiolarian assemblages in the late Eocene linked to a cooling event in the southwest Pacific,Climate of the past,2015,https://www.clim-past.net/11/1599/2015/cp-11-1599-2015.pdf,OK,2.76MB
10.3354/meps101033,Large virus-like particles from vacuoles of phaeodarian radiolarians and from other marine samples,Marine Ecology Progress Series,1993,https://doi.org/10.3354/meps101033,FAILED,not pdf content-type: application/json
10.1016/j.geobios.2008.09.002,Lower Darriwilian radiolarians from the Argentine Precordillera,Geobios,2008,http://hdl.handle.net/11336/55883,FAILED,"HTTPSConnectionPool(host='ri.conicet.gov.ar', port=443): Max retries exceeded with url: /handle/11336/55883 (Caused by ReadTimeoutError(""HTTPSConnectionPool(host='ri.conicet.gov.ar', port=443): Read timed out. (read timeout=60)""))"
10.4454/ofioliti.v29i2.208,RADIOLARIAN ASSEMBLAGES FROM THE JURASSIC CHERTS OF ALBANIA: NEW DATA,Ofioliti,2004,https://www.ofioliti.it/index.php/ofioliti/article/view/208/0,FAILED,not pdf content-type: text/html; charset=utf-8
10.13130/2039-4942/5486,"LATE TRIASSIC (LATE NORIAN-RHAETIAN) RADIOLARIANS FROM THE ANTALYA NAPPES, CENTRAL TAURIDES, SOUTHERN TURKEY",Riviste UNIMI (Università degli studi di Milano),2015,https://riviste.unimi.it/index.php/RIPS/article/view/5486,FAILED,not pdf content-type: text/html; charset=utf-8
10.1080/09853111.2013.859345,Middle-Late Triassic radiolarian cherts from the Arkotdağ mélange in northern Turkey: implications for the life span of the northern Neotethyan branch,Geodinamica Acta,2012,https://hdl.handle.net/11511/32300,FAILED,"HTTPSConnectionPool(host='hdl.handle.net', port=443): Max retries exceeded with url: /11511/32300 (Caused by ResponseError('too many 500 error responses'))"
10.2973/odp.proc.sr.113.200.1990,Oligocene to Middle Miocene Radiolarian Stratigraphy of Southern High Latitudes from Leg 113|Sites 689 and 690|Maud Rise,Unknown,1990,https://doi.org/10.2973/odp.proc.sr.113.200.1990,FAILED,not pdf content-type: application/json
10.2973/odp.proc.sr.159.037.1998,Mid-Cretaceous radiolarians from the eastern equatorial Atlantic and their paleoceanography,Unknown,1998,https://doi.org/10.2973/odp.proc.sr.159.037.1998,FAILED,not pdf content-type: application/json
10.1080/00288306.2004.9515057,"The Cenomanian/Turonian boundary in Sakhalin, Far East Russia: Ammonites, inoceramids, foraminifera, and radiolarians",New Zealand Journal of Geology and Geophysics,2004,https://www.tandfonline.com/doi/pdf/10.1080/00288306.2004.9515057?needAccess=true,FAILED,403 Client Error: Forbidden for url: https://www.tandfonline.com/doi/pdf/10.1080/00288306.2004.9515057?needAccess=true
10.13130/2039-4942/6012,"EARLY LADINIAN RADIOLARIAN FAUNA FROM THE MONTE SAN GIORGIO (SOUTHERN ALPS, SWITZERLAND): SYSTEMATICS, BIOSTRATIGRAPHY AND PALEO(BIO)GEOGRAPHIC IMPLICATIONS",Riviste UNIMI (Università degli studi di Milano),2015,https://riviste.unimi.it/index.php/RIPS/article/view/6012,FAILED,not pdf content-type: text/html; charset=utf-8
10.3140/bull.geosci.1342,SHRIMP U-Pb age of the radiolarian-bearing Yoshiki Formation in Japan,Bulletin of Geosciences,2013,http://www.geology.cz/bulletin/fulltext/1342_Manchuk.pdf,OK,4.21MB
10.5575/geosoc.111.249,"Early Carboniferous radiolarians discovered from the Hayachine Terrane, Northeast Japan: the oldest fossil age for clastic rocks of accretionary complex in Japan",The Journal of the Geological Society of Japan,2005,https://www.jstage.jst.go.jp/article/geosoc/111/4/111_4_249/_pdf,OK,1.82MB
10.1360/n972016-00703,"Discovery of Early Permian radiolarian fauna in the Solon Obo ophiolite belt, Inner Mongolia and its geological significance",Chinese Science Bulletin (Chinese Version),2017,http://engine.scichina.com/doi/pdf/a2202192868943edb2f1f763499e23a9,OK,0.87MB
10.1144/jmpaleo2014-008,A diverse Upper Darriwilian radiolarian assemblage from the Shundy Formation of Kazakhstan: insights into late Middle Ordovician radiolarian biodiversity,Journal of Micropalaeontology,2014,https://jm.copernicus.org/articles/33/149/2014/jm-33-149-2014.pdf,OK,2.44MB
10.2204/iodp.proc.346.202.2018,"Data report: Pleistocene radiolarian biostratigraphy, IODP Expedition 346 Site U1427",Proceedings of the Integrated Ocean Drilling Program. Expedition reports/Proceedings of the Integrated Ocean Drilling Program,2018,http://publications.iodp.org/proceedings/346/ERR/CHAPTERS/346_202.PDF,FAILED,"[Errno 2] No such file or directory: '放射虫论文_OA_download\\Itaki_2018 - Proceedings of the Integrated Ocean Drilling Program. Expedition reports_Proceedings of the Integrated Ocean Drilling Program - Data report_ Pleistocene radiolarian biostratigraphy, IODP Expedi.pdf'"
10.9795/bullgsj.70.43,Conodont-based age calibration of the Middle Triassic Anisian radiolarian biozones in pelagic deep-sea bedded chert,BULLETIN OF THE GEOLOGICAL SURVEY OF JAPAN,2019,https://www.jstage.jst.go.jp/article/bullgsj/70/1-2/70_43/_pdf,OK,64.85MB
10.3800/pbr.12.95,Optics-based surveys of large unicellular zooplankton: a case study on radiolarians and phaeodarians,Plankton and Benthos Research,2017,https://www.jstage.jst.go.jp/article/pbr/12/2/12_P120203/_pdf,OK,0.95MB
10.5575/geosoc.110.620,"Silurian and Devonian radiolarian biostratigraphy of the Hida Gaien belt, central Japan",The Journal of the Geological Society of Japan,2004,https://www.jstage.jst.go.jp/article/geosoc/110/10/110_10_620/_pdf,OK,2.27MB
10.1002/gj.2743,"Palaeoenvironmental implications of geochemistry and radiolarians from Upper Devonian chert/shale sequences of the Truong Son fold belt, Laos",Geological Journal,2015,https://figshare.com/articles/journal_contribution/Palaeoenvironmental_implications_of_geochemistry_and_radiolarians_from_Upper_Devonian_chert_shale_sequences_of_the_Truong_Son_fold_belt_Laos/22942667,FAILED,403 Client Error: Forbidden for url: https://figshare.com/articles/journal_contribution/Palaeoenvironmental_implications_of_geochemistry_and_radiolarians_from_Upper_Devonian_chert_shale_sequences_of_the_Truong_Son_fold_belt_Laos/22942667
10.1186/s40645-018-0204-7,Paleoceanographic history of the Japan Sea over the last 9.5 million years inferred from radiolarian assemblages (IODP Expedition 346 Sites U1425 and U1430),Progress in Earth and Planetary Science,2018,https://doi.org/10.1186/s40645-018-0204-7,FAILED,not pdf content-type: application/json
10.11646/zootaxa.3999.3.1,"An evaluated list of Cenozic-Recent radiolarian species names (Polycystinea), based on those used in the DSDP, ODP and IODP deep-sea drilling programs",Zootaxa,2015,https://www.biotaxa.org/Zootaxa/article/download/zootaxa.3999.3.1/56473,OK,0.42MB
10.1007/s00015-006-0606-1,"Upper Permian to Middle Jurassic radiolarian assemblages of Busuanga and surrounding islands, Palawan, Philippines",Eclogae Geologicae Helvetiae,2006,https://sjg.springeropen.com/counter/pdf/10.1007/s00015-006-0606-1,OK,2.96MB
10.1002/mmng.201000017,Trajectories of Late Permian - Jurassic radiolarian extinction rates: no evidence for an end-Triassic mass extinction,Fossil Record,2011,https://doi.org/10.1002/mmng.201000017,FAILED,not pdf content-type: application/json
10.3389/fmars.2017.00330,Distribution of Polycystine Radiolarians in Bottom Surface Sediments and Its Relation to Summer Sea Temperature in the High-Latitude North Atlantic,Frontiers in Marine Science,2017,https://www.frontiersin.org/articles/10.3389/fmars.2017.00330/pdf,OK,9.47MB
10.1016/j.gsf.2016.09.006,Middle Jurassic–early Cretaceous radiolarian assemblages of the western Yarlung Zangbo Suture Zone: Implications for the evolution of the Neo-Tethys,Geoscience Frontiers,2016,https://doi.org/10.1016/j.gsf.2016.09.006,FAILED,not pdf content-type: application/json
10.2973/odp.proc.sr.151.103.1996,Paleoceanography and Biostratigraphy of Paleogene Radiolarians from the Norwegian-Greenland Sea,Unknown,1996,https://doi.org/10.2973/odp.proc.sr.151.103.1996,FAILED,not pdf content-type: application/json
10.1007/s00015-006-0601-6,Influence of the Frasnian-Famennian event on radiolarian faunas,Eclogae Geologicae Helvetiae,2006,https://sjg.springeropen.com/counter/pdf/10.1007/s00015-006-0601-6,OK,0.82MB
10.1144/jm.22.2.147,"Late Triassic (Early to Middle Norian) radiolarians from the Antalya Nappes, Antalya, SW Turkey",Journal of Micropalaeontology,2003,https://jm.copernicus.org/articles/22/147/2003/jm-22-147-2003.pdf,OK,0.72MB
10.2973/odp.proc.sr.122.165.1992,"Radiolarians from Leg 122, Exmouth and Wombat Plateaus, Indian Ocean",Unknown,1992,https://doi.org/10.2973/odp.proc.sr.122.165.1992,FAILED,not pdf content-type: application/json
10.2973/odp.proc.sr.115.156.1990,"Radiolarian Biostratigraphy in the Central Indian Ocean, Leg 115",Unknown,1990,https://doi.org/10.2973/odp.proc.sr.115.156.1990,FAILED,not pdf content-type: application/json
10.5109/1543665,"Radiolarian Assemblage-zones in the Jurassic and Cretaceous Sequence in the Kanto Mountains, Central Japan",Memoirs of the Faculty of Science Kyushu University Series D Earth and planetary sciences,1995,https://catalog.lib.kyushu-u.ac.jp/opac_download_md/1543665/29_01_p049.pdf,FAILED,"[Errno 2] No such file or directory: '放射虫论文_OA_download\\Takahashi_1995 - Memoirs of the Faculty of Science Kyushu University Series D Earth and planetary sciences - Radiolarian Assemblage-zones in the Jurassic and Cretaceous Sequence in the Kanto Mountains, Central.pdf'"
10.13130/2039-4942/6270,"HETTANGIAN AMMONITES AND RADIOLARIANS IN THE MT. CAMICIA (GRAN SASSO, CENTRAL APENNINES)",Riviste UNIMI (Università degli studi di Milano),2015,https://riviste.unimi.it/index.php/RIPS/article/view/6270,FAILED,not pdf content-type: text/html; charset=utf-8
10.1016/j.revmic.2015.01.001,Revised radiolarian zonation of the Upper Cretaceous Izumi inter-arc basin (SW Japan),Revue de Micropaléontologie,2015,https://tokushima-u.repo.nii.ac.jp/records/2005620,FAILED,not pdf content-type: text/html; charset=utf-8
10.3389/fmars.2022.829676,Ecoregionalisation of the Southern Ocean Using Radiolarians,Frontiers in Marine Science,2022,https://doi.org/10.3389/fmars.2022.829676,FAILED,not pdf content-type: application/json
10.1029/2012gc004198,Sediment mixing in the tropical Pacific and radiolarian stratigraphy,Geochemistry Geophysics Geosystems,2012,https://onlinelibrary.wiley.com/doi/pdfdirect/10.1029/2012GC004198,FAILED,403 Client Error: Forbidden for url: https://onlinelibrary.wiley.com/doi/pdfdirect/10.1029/2012GC004198
10.3140/bull.geosci.2008.04.371,Late Devonian radiolarians from the Rudny Altai (SW Siberia),Bulletin of Geosciences,2008,http://www.geology.cz/bulletin/fulltext/bullgeosci200804371.pdf,OK,1.05MB
10.1007/s00015-006-0610-5,"Middle to Upper Permian radiolarian faunas from chert blocks in Pai area, northwestern Thailand",Eclogae Geologicae Helvetiae,2006,https://sjg.springeropen.com/counter/pdf/10.1007/s00015-006-0610-5,OK,1.12MB
10.5252/geodiversitas2021v43a15,A new integrated morpho- and molecular systematic classification of Cenozoic radiolarians (Class Polycystinea) – suprageneric taxonomy and logical nomenclatorial acts,Geodiversitas,2021,http://hdl.handle.net/10498/35276,FAILED,"HTTPSConnectionPool(host='rodin.uca.es', port=443): Max retries exceeded with url: /handle/10498/35276 (Caused by ReadTimeoutError(""HTTPSConnectionPool(host='rodin.uca.es', port=443): Read timed out. (read timeout=60)""))"
10.3389/fmars.2019.00284,Transcriptome of Thalassicolla nucleata Holobiont Reveals Details of a Radiolarian Symbiotic Relationship,Frontiers in Marine Science,2019,https://doi.org/10.3389/fmars.2019.00284,FAILED,not pdf content-type: application/json
10.1029/97pa00986,Radiolarian assemblages from Santa Barbara Basin sediments: Recent interdecadal variability,Paleoceanography,1997,https://onlinelibrary.wiley.com/doi/pdfdirect/10.1029/97PA00986,FAILED,403 Client Error: Forbidden for url: https://onlinelibrary.wiley.com/doi/pdfdirect/10.1029/97PA00986
10.2973/odp.proc.sr.125.174.1992,Neogene and Quaternary Radiolarians from Leg.125,Unknown,1992,https://doi.org/10.2973/odp.proc.sr.125.174.1992,FAILED,not pdf content-type: application/json
10.1111/j.0031-0239.2004.00370.x,Early Carboniferous radiolarians from north‐west Thailand: palaeogeographical implications,Palaeontology,2004,https://resolver.sub.uni-goettingen.de/purl?gro-2/48771,FAILED,403 Client Error: Forbidden for url: https://publications.goettingen-research-online.de/_ray?/handle/2/48771
10.2973/odp.proc.sr.123.127.1992,"Lower Cretaceous Radiolarian Biostratigraphy and Biogeography off Northwestern Australia (ODP Sites 765 and 766 and DSDP Site 261), Argo Abyssal Plain and Lower Exmouth Plateau",Unknown,1992,https://doi.org/10.2973/odp.proc.sr.123.127.1992,FAILED,not pdf content-type: application/json
10.1016/s0277-3791(96)00079-0,Monsoon fluctuations over the past 350 kyr: High-resolution evidence from northeast asia/northwest Pacific climate proxies (marine pollen and radiolarians),Quaternary Science Reviews,1997,https://doi.org/10.1016/s0277-3791(96)00079-0,FAILED,not pdf content-type: application/json
10.1017/s001675681400017x,"Conodonts, radiolarians and ostracodes in the Permian E-Lert Formation, Loei Fold Belt, Indochina Terrane, Thailand",Geological Magazine,2014,https://figshare.com/articles/journal_contribution/Conodonts_radiolarians_and_ostracodes_in_the_Permian_E-Lert_Formation_Loei_Fold_Belt_Indochina_Terrane_Thailand/22924253,FAILED,403 Client Error: Forbidden for url: https://figshare.com/articles/journal_contribution/Conodonts_radiolarians_and_ostracodes_in_the_Permian_E-Lert_Formation_Loei_Fold_Belt_Indochina_Terrane_Thailand/22924253
10.2973/odp.proc.sr.112.182.1990,Radiolarian Biostratigraphy from Leg 112 on the Peru Margin,Unknown,1990,https://doi.org/10.2973/odp.proc.sr.112.182.1990,FAILED,not pdf content-type: application/json
10.1134/s086959380903006x,"Late Middle Jurassic (Late Bathonian-early Callovian) radiolarian cherts from the Neotethyan Bornova flysch zone, Spil Mountains, Western Turkey",Stratigraphy and Geological Correlation,2009,https://hdl.handle.net/11511/30780,FAILED,"HTTPSConnectionPool(host='hdl.handle.net', port=443): Max retries exceeded with url: /11511/30780 (Caused by ResponseError('too many 500 error responses'))"
10.1144/jmpaleo2014-026,New species of Neogene radiolarians from the Southern Ocean – part IV,Journal of Micropalaeontology,2015,https://www.j-micropalaeontol.net/35/26/2016/jm-35-26-2016.pdf,OK,9.60MB
10.5194/fr-14-95-2011,Trajectories of Late Permian &amp;ndash; Jurassic radiolarian extinction rates: no evidence for an end-Triassic mass extinction,Fossil record,2011,https://fr.copernicus.org/articles/14/95/2011/fr-14-95-2011.pdf,OK,0.32MB
10.4454/ofioliti.v36.i1.1,EARLY JURASSIC TO EARLY LATE CRETACEOUS RADIOLARIANS FROM THE SANTA ROSA ACCRETIONARY COMPLEX (NORTHWESTERN COSTA RICA),UWA Profiles and Research Repository (UWA),2011,https://www.ofioliti.it/index.php/ofioliti/article/view/392/385,FAILED,not pdf content-type: text/html; charset=utf-8
10.1017/s0016756817000425,"Silurian radiolarians from the Sepon Mine, Truong Son Terrane, central Laos and their palaeogeographic and tectonic significance",Geological Magazine,2017,https://figshare.com/articles/journal_contribution/Silurian_radiolarians_from_the_Sepon_Mine_Truong_Son_Terrane_central_Laos_and_their_palaeogeographic_and_tectonic_significance/22969607,FAILED,403 Client Error: Forbidden for url: https://figshare.com/articles/journal_contribution/Silurian_radiolarians_from_the_Sepon_Mine_Truong_Son_Terrane_central_Laos_and_their_palaeogeographic_and_tectonic_significance/22969607
10.1016/j.tecto.2007.11.036,Peri-equatorial paleolatitudes for Jurassic radiolarian cherts of Greece,Tectonophysics,2007,http://hdl.handle.net/2158/343365,FAILED,403 Client Error: Forbidden for url: https://flore.unifi.it/handle/2158/343365
10.2517/prpsj.12.397,"Discovery of Middle Triassic radiolarian fauna from the Nan area along the Nan-Uttaradit suture zone, northern Thailand",Paleontological Research,2008,http://hdl.handle.net/2241/105188,FAILED,not pdf content-type: text/html; charset=utf-8
10.1016/j.crte.2005.03.013,First direct age determination from the Jurassic radiolarian-bearing siliceous series (Jédidi Formation) of northwestern Tunisia,Comptes Rendus Géoscience,2005,https://hal.science/hal-03275269,FAILED,not pdf content-type: text/html; charset=utf-8
10.4072/rbp.2009.3.03,"Maastrichtian-Early Danian radiolarians and ostracodes from ODP Site 1001B, Caribbean Sea",Revista Brasileira de Paleontologia,2009,https://doi.org/10.4072/rbp.2009.3.03,FAILED,not pdf content-type: application/json
10.2517/prpsj.4.227,Replacement names for Permian stauraxon radiolarians,Paleontological Research,2000,https://doi.org/10.2517/prpsj.4.227,FAILED,not pdf content-type: application/json
10.3390/w12123502,The Horizontal Distribution of Siliceous Planktonic Radiolarian Community in the Eastern Indian Ocean,Water,2020,https://www.mdpi.com/2073-4441/12/12/3502/pdf?version=1608192213,FAILED,403 Client Error: Forbidden for url: https://www.mdpi.com/2073-4441/12/12/3502/pdf?version=1608192213
10.2973/odp.proc.sr.145.108.1995,"A High-Resolution Stratigraphy for Pleistocene Sediments from North Pacific Sites 881, 883, and 887 Based on Abundance Variations of the Radiolarian Cycladophora davisiana",Unknown,1995,https://doi.org/10.2973/odp.proc.sr.145.108.1995,FAILED,not pdf content-type: application/json
10.5194/jm-41-1-2022,"Astronomical calibration of late middle Eocene radiolarian bioevents from ODP Site 1260 (equatorial Atlantic, Leg 207) and refinement of the global tropical radiolarian biozonation",Journal of Micropalaeontology,2022,https://jm.copernicus.org/articles/41/1/2022/jm-41-1-2022.pdf,OK,11.45MB
10.5467/jkess.2007.28.4.497,"Late Tremadocian Radiolarian Faunas and Biostratigraphy of the Cow Head Group, Western Newfoundland, Canada",Journal of the Korean earth science society,2007,http://koreascience.or.kr:80/article/JAKO200709905786170.pdf,FAILED,"HTTPConnectionPool(host='127.0.0.1', port=7890): Max retries exceeded with url: http://koreascience.or.kr:80/article/JAKO200709905786170.pdf (Caused by ReadTimeoutError(""HTTPConnectionPool(host='127.0.0.1', port=7890): Read timed out. (read timeout=60)""))"
10.2973/odp.proc.sr.113.132.1990,"Middle Miocene to Recent Radiolarians from the Weddell Sea, Antarctica, ODP Leg 113",Unknown,1990,https://doi.org/10.2973/odp.proc.sr.113.132.1990,FAILED,not pdf content-type: application/json
10.1144/jmpaleo2013-012,"Middle to Late Pleistocene radiolarian biostratigraphy in the water-mixed region of the Kuroshio and Oyashio currents, northeastern margin of Japan (JAMSTEC Hole 902-C9001C)",Journal of Micropalaeontology,2014,https://jm.copernicus.org/articles/33/205/2014/jm-33-205-2014.pdf,OK,2.42MB
10.5575/geosoc.109.722,"Late Jurassic radiolarians from the Rikuchu-Seki district in the North Kitakami Belt, Northeast Japan",The Journal of the Geological Society of Japan,2003,https://www.jstage.jst.go.jp/article/geosoc1893/109/12/109_12_722/_pdf,OK,1.15MB
10.2113/gssgfbull.183.4.307,Radiolarian assemblages of Middle and Late Jurassic to early Late Cretaceous (Cenomanian) ages from an olistolith record pelagic deposition within the Bornova Flysch Zone in western Turkey,Bulletin de la Société Géologique de France,2012,https://hdl.handle.net/11511/32387,FAILED,"HTTPSConnectionPool(host='hdl.handle.net', port=443): Max retries exceeded with url: /11511/32387 (Caused by ResponseError('too many 500 error responses'))"
10.2204/iodp.proc.320321.204.2012,"Data report: radiolarian stratigraphy across the Eocene/Oligocene boundary in the equatorial Pacific, Sites 1218, U1333, and U13334",Proceedings of the Integrated Ocean Drilling Program. Expedition reports/Proceedings of the Integrated Ocean Drilling Program,2012,http://publications.iodp.org/proceedings/320_321/ERR/CHAPTERS/2021_204.PDF,FAILED,[Errno 2] No such file or directory: '放射虫论文_OA_download\\Moore_2012 - Proceedings of the Integrated Ocean Drilling Program. Expedition reports_Proceedings of the Integrated Ocean Drilling Program - Data report_ radiolarian stratigraphy across the Eocene_Oligocene.pdf'
10.1007/s00015-005-1146-9,"Palaeozoic (Silurian and Devonian) radiolarians and conodonts from chert olistoliths of the Volissos Turbidites, Chios island, Greece",Eclogae Geologicae Helvetiae,2005,https://sjg.springeropen.com/counter/pdf/10.1007/s00015-005-1146-9,OK,0.87MB
10.1144/jmpaleo2011-025,New species of Neogene radiolarians from the Southern Ocean – part II,Journal of Micropalaeontology,2013,https://jm.copernicus.org/articles/32/59/2013/jm-32-59-2013.pdf,OK,11.44MB
10.22179/revmacn.11.268,"Early Cretaceous Radiolarians from southernmost Patagonia, Argentina",Revista del Museo Argentino de Ciencias Naturales,2009,http://revista.macn.gob.ar/ojs/index.php/RevMus/article/download/268/252,OK,2.26MB
10.5575/geosoc.96.323,Discovery of Paleogene radiolarians from the Hidaka Supergroup and its significance with special reference to ridge subduction.,The Journal of the Geological Society of Japan,1990,https://www.jstage.jst.go.jp/article/geosoc1893/96/4/96_4_323/_pdf,OK,0.65MB
10.18999/joueps.39.1,"Preliminary report on Pliocene radiolarians from the Nobori Formation, Tonohama Group, Shikoku, Southwest Japan",Institutional Repositories DataBase (IRDB),1992,https://nagoya.repo.nii.ac.jp/records/1400,FAILED,not pdf content-type: text/html; charset=utf-8
10.3166/ga.20.131-138,Alpine ocean seafloor spreading and onset of pelagic sedimentation: new radiolarian data from the Chenaillet-Montgenèvre ophiolite (French-Italian Alps),Geodinamica Acta,2007,https://www.tandfonline.com/doi/pdf/10.3166/ga.20.131-138?needAccess=true&role=button,FAILED,403 Client Error: Forbidden for url: https://www.tandfonline.com/doi/pdf/10.3166/ga.20.131-138?needAccess=true&role=button
10.18814/epiiugs/1991/v14i3/003,Radiolarians and terranes: Mesozoic geology of Japan,Episodes,1991,http://www.episodes.org/journal/download_pdf.php?doi=10.18814/epiiugs/1991/v14i3/003,FAILED,not pdf content-type: application/download
10.2478/v10096-009-0004-5,Early Senonian radiolarian microfauna and biostratigraphy from the Western Vardar Zone (Western Serbia),Geologica Carpathica,2009,https://doi.org/10.2478/v10096-009-0004-5,FAILED,not pdf content-type: application/json
10.2478/agp-2013-0009,"Foraminiferal and radiolarian biostratigraphy of the youngest (Late Albian through Late Cenomanian) sediments of the Tatra massif, Central Western Carpathians",Acta Geologica Polonica,2013,http://journals.pan.pl/Content/81907/PDF/04_bak.pdf,OK,1.53MB
10.7773/cm.v20i4.980,Biostratigraphy and paleoceanographic significance of the radiolarians from the protomouth of the Gulf of California,Ciencias Marinas,1994,https://cienciasmarinas.com.mx/index.php/cmarinas/article/download/980/901,OK,1.71MB
10.1017/jpa.2019.88,"Micro-CT study of Middle Ordovician Spumellaria (radiolarians) from western Newfoundland, Canada",Journal of Paleontology,2020,https://doi.org/10.1017/jpa.2019.88,FAILED,not pdf content-type: application/json
10.1017/s001675682000028x,"Middle Ordovician (Darriwilian) radiolarians from the Crawford Group, Scotland",Geological Magazine,2020,https://www.cambridge.org/core/services/aop-cambridge-core/content/view/116F9DC667283B5935C10900BAD9C858/S001675682000028Xa.pdf/div-class-title-middle-ordovician-darriwilian-radiolarians-from-the-crawford-group-scotland-div.pdf,OK,1.32MB
10.5575/geosoc.104.171,Neogene diatom and radiolarian biochronology for the middle-to-high latitudes of the Northwest Pacific region: Calibration to the Cande and Kent's geomagnetic polarity time scales (CK92 and CK95).,The Journal of the Geological Society of Japan,1998,https://www.jstage.jst.go.jp/article/geosoc1893/104/3/104_3_171/_pdf,OK,1.74MB
10.7186/bgsm65201805,Radiolarian biostratigraphy of Malaysi,Bulletin of the Geological Society of Malaysia,2018,http://www.gsm.org.my/products/702001-101740-PDF.pdf,FAILED,404 Client Error: Not Found for url: http://gsm.org.my/products/702001-101740-PDF.pdf
10.5575/geosoc.108.11_701,"Geology and radiolarian ages of the Shimanto Supergroup, western Shikoku, Southwest Japan.",The Journal of the Geological Society of Japan,2002,https://www.jstage.jst.go.jp/article/geosoc1893/108/11/108_11_701/_pdf,OK,2.99MB
10.1007/s00015-006-0607-0,Radiolarian correlation of Jurassic siliceous successions of the Rosso Ammonitico Formation in the Southern Alps and Western Sicily (Italy),Eclogae Geologicae Helvetiae,2006,https://sjg.springeropen.com/counter/pdf/10.1007/s00015-006-0607-0,OK,1.12MB
10.2343/geochemj.40.33,Biogeochemical signatures preserved in ancient siliceous sediments; new perspectives to Triassic radiolarian bedded chert compositions,GEOCHEMICAL JOURNAL,2006,https://www.jstage.jst.go.jp/article/geochemj/40/1/40_1_33/_pdf,OK,0.24MB
10.1016/j.marmicro.2023.102268,Convolutional neural network application on a new middle Eocene radiolarian dataset,Marine Micropaleontology,2023,https://hal.science/hal-04207164/document,FAILED,not pdf content-type: text/html; charset=utf-8
10.7186/bgsm46200322,"Some radiolarians from Dengkil, Selangor",Bulletin of the Geological Society of Malaysia,2003,http://www.gsm.org.my/products/702001-100670-PDF.pdf,FAILED,404 Client Error: Not Found for url: http://gsm.org.my/products/702001-100670-PDF.pdf
10.5575/geosoc.109.489,"Permian radiolarians from the Kosado area of Sado Island, central Japan",The Journal of the Geological Society of Japan,2003,https://www.jstage.jst.go.jp/article/geosoc1893/109/8/109_8_489/_pdf,OK,1.14MB
10.5575/geosoc.97.549,"Mesozoic radiolarians from the Khabarovsk complex, eastern USSR :their significance in relation to the Mino terrane, central Japan",The Journal of the Geological Society of Japan,1991,https://www.jstage.jst.go.jp/article/geosoc1893/97/7/97_7_549/_pdf,OK,1.10MB
10.9795/bullgsj.55.287,"Permian radiolarians from chert of the Chichibu Belt in the Toyohashi district,Aichi Prefecture, Southwest Japan.",BULLETIN OF THE GEOLOGICAL SURVEY OF JAPAN,2004,https://www.jstage.jst.go.jp/article/bullgsj/55/9-10/55_287/_pdf,OK,1.65MB
10.2973/odp.proc.sr.136.201.1993,"Quaternary, Eocene, and Cretaceous Radiolarians from the Hawaiian Arch, Northern Equatorial Pacific Ocean",Unknown,1993,https://doi.org/10.2973/odp.proc.sr.136.201.1993,FAILED,not pdf content-type: application/json
10.2298/gabp0869039d,Late Triassic radiolarians from the Ovcar-Kablar gorge (SW Serbia),Geoloski anali Balkanskog poluostrva,2008,http://www.doiserbia.nb.rs/ft.aspx?id=0350-06080869039D,FAILED,"HTTPSConnectionPool(host='www.doiserbia.nb.rs', port=443): Max retries exceeded with url: /ft.aspx?id=0350-06080869039D (Caused by SSLError(SSLCertVerificationError(1, ""[SSL: CERTIFICATE_VERIFY_FAILED] certificate verify failed: Hostname mismatch, certificate is not valid for 'www.doiserbia.nb.rs'. (_ssl.c:1017)"")))"
10.5575/geosoc.108.536,Middle Jurassic radiolarian-bearing manganese nodules from the Kuzumaki-Kamaishi Belt in the Northern Kitakami Massif and its significance.,The Journal of the Geological Society of Japan,2002,https://www.jstage.jst.go.jp/article/geosoc1893/108/8/108_8_536/_pdf,OK,0.77MB
10.1017/pab.2020.28,Verifiability of genus-level classification under quantification and parsimony theories: a case study of follicucullid radiolarians,Paleobiology,2020,https://zenodo.org/record/3963309,FAILED,not pdf content-type: text/html; charset=utf-8
10.51835/bsed.2020.45.1.426,"Late Cretaceous radiolarians from the Noni Formation, West Timor, Indonesia",Berita Sedimentologi,2023,https://journal.iagi.or.id/index.php/FOSI/article/download/426/401,OK,1.10MB
10.9795/bullgsj.62.441,"Middle and Late Permian radiolarians from the Nanjo Mountains, Fukui Prefecture, Southwest Japan",BULLETIN OF THE GEOLOGICAL SURVEY OF JAPAN,2011,https://www.jstage.jst.go.jp/article/bullgsj/62/11-12/62_441/_pdf,OK,4.44MB
10.1016/j.gloplacha.2022.103811,"Integrated stratigraphy (radiolarians, calcareous nannofossils, carbon and strontium isotopes) of the Sinemurian–Pliensbachian transition at Mt. Rettenstein, Northern Calcareous Alps, Austria",Global and Planetary Change,2022,https://doi.org/10.1016/j.gloplacha.2022.103811,FAILED,not pdf content-type: application/json
10.5281/zenodo.5375608,Radiolarian biostratigraphy of Paleogene deposits of the Russian Platform (Voronesh Anticline),IRIS,2002,https://doi.org/10.5281/zenodo.5375608,FAILED,not pdf content-type: text/html; charset=utf-8
10.1017/s0016756817000322,Early Permian radiolarians from the extension of the Sa Kaeo Suture in Cambodia – tectonic implications,Geological Magazine,2017,https://figshare.com/articles/journal_contribution/Early_Permian_radiolarians_from_the_extension_of_the_Sa_Kaeo_Suture_in_Cambodia_-_tectonic_implications/22969631,FAILED,403 Client Error: Forbidden for url: https://figshare.com/articles/journal_contribution/Early_Permian_radiolarians_from_the_extension_of_the_Sa_Kaeo_Suture_in_Cambodia_-_tectonic_implications/22969631
10.1007/bf02879697,"Permian radiolarians, chert and basalt from the Daxinshan Formation in Lancangjiang belt of southwestern Yunnan, China",Science in China Series D Earth Sciences,2002,https://resolver.sub.uni-goettingen.de/purl?gro-2/44699,FAILED,403 Client Error: Forbidden for url: https://publications.goettingen-research-online.de/_ray?/handle/2/44699
10.7306/gq1370,The Jurassic-Cretaceous boundary in Boreal Russia: radiolarian and calcareous dinoflagellate potential biomarkers,Geological Quarterly,2017,https://gq.pgi.gov.pl/article/download/25633/pdf,FAILED,not pdf content-type: text/html
10.7186/bgsm44200005,Geological significance of radiolarian chert in Sabah,Bulletin of the Geological Society of Malaysia,2000,http://www.gsm.org.my/products/702001-100768-PDF.pdf,FAILED,404 Client Error: Not Found for url: http://gsm.org.my/products/702001-100768-PDF.pdf
10.1038/s41598-021-86262-7,New Permian radiolarians from east Asia and the quantitative reconstruction of their evolutionary and ecological significances,Scientific Reports,2021,https://www.nature.com/articles/s41598-021-86262-7.pdf,OK,2.80MB
10.2973/odp.proc.sr.146-1.205.1995,"Radiolarians from the Cascadia Margin, Leg 146",Unknown,1995,https://doi.org/10.2973/odp.proc.sr.146-1.205.1995,FAILED,not pdf content-type: application/json
10.2113/gssgfbull.180.5.399,"New radiolarian assemblages from La Desirade Island basement complex (Guadeloupe, Lesser Antilles arc) and Caribbean tectonic implications",Bulletin de la Société Géologique de France,2009,https://hal.science/hal-03275251,FAILED,not pdf content-type: text/html; charset=utf-8
10.1144/jmpaleo2012-024,Per Theodor Cleve: a short résumé and his radiolarian results from the Swedish Expedition to Spitsbergen in 1898,Journal of Micropalaeontology,2014,https://doi.org/10.1144/jmpaleo2012-024,FAILED,not pdf content-type: application/json
10.13130/2039-4942/6301,"UPPER JURASSIC RADIOLARIANS FROM INICI MOUNTAIN AREA (NORTHWESTERN SICILY, ITALY): BIOCHRONOLOGY AND CALIBRATION BY AMMONITES",Riviste UNIMI (Università degli studi di Milano),2015,https://riviste.unimi.it/index.php/RIPS/article/view/6301,FAILED,not pdf content-type: text/html; charset=utf-8
10.1111/j.1751-3928.2005.tb00253.x,"Radiolarian Age of Chert-hosted Bedded Manganese Deposits from the Gen-otani Mine in the Tamba District, Northern Kyoto City, Japan",Resource Geology,2005,https://onlinelibrary.wiley.com/doi/pdfdirect/10.1111/j.1751-3928.2005.tb00253.x,FAILED,403 Client Error: Forbidden for url: https://onlinelibrary.wiley.com/doi/pdfdirect/10.1111/j.1751-3928.2005.tb00253.x
10.18999/joueps.46.29,"Radiolarian biostratigraphy for transitional facies of chert-clastic sequence of the Taukha terrance in the Koreyskaya River area, Southern Sikhote-Alin, Russia",Institutional Repositories DataBase (IRDB),1999,https://nagoya.repo.nii.ac.jp/records/1434,FAILED,not pdf content-type: text/html; charset=utf-8
10.1007/s12583-017-0738-4,"Geochemistry of radiolarian cherts from a Late Devonian continental margin basin, Loei fold belt, Indo-China terrane",Journal of Earth Science,2017,https://figshare.com/articles/journal_contribution/Geochemistry_of_radiolarian_cherts_from_a_Late_Devonian_continental_margin_basin_Loei_fold_belt_Indo-China_terrane/22969676,FAILED,403 Client Error: Forbidden for url: https://figshare.com/articles/journal_contribution/Geochemistry_of_radiolarian_cherts_from_a_Late_Devonian_continental_margin_basin_Loei_fold_belt_Indo-China_terrane/22969676
10.1002/2015pa002777,Evidence for changes in subsurface circulation in the late Eocene equatorial Pacific from radiolarian‐bound nitrogen isotope values,Paleoceanography,2015,https://digitalcommons.uri.edu/gsofacpubs/126,FAILED,not pdf content-type: text/html; charset=utf-8
10.4454/ofioliti.v26i1.135,TRIASSIC RADIOLARIAN ASSEMBLAGES FROM THE CHERTS ASSOCIATED WITH PILLOW LAVAS IN ARGOLIS PENINSULA (GREECE),Ofioliti,2001,https://flore.unifi.it/handle/2158/343861,FAILED,403 Client Error: Forbidden for url: https://flore.unifi.it/handle/2158/343861
10.2517/prpsj.4.147,"Early Silurian (Llandoverian) radiolarians from the Ise area of the Hida ""Gaien"" Belt, central Japan",Paleontological Research,2000,https://doi.org/10.2517/prpsj.4.147,FAILED,not pdf content-type: application/json
10.1017/jpa.2021.86,"Late Sandbian (Sa2) radiolarians of the Pingliang Formation from the Guanzhuang section, Gansu Province, China",Journal of Paleontology,2021,https://www.cambridge.org/core/services/aop-cambridge-core/content/view/0F9AB0271E37FAA5D4195BA8D537A5AD/S002233602100086Xa.pdf/div-class-title-late-sandbian-sa2-radiolarians-of-the-pingliang-formation-from-the-guanzhuang-section-gansu-province-china-div.pdf,OK,3.10MB
10.7186/bgsm54200809,"Some Permian radiolarians from Bukit Yoi, Pokok Sena, Kedah",Bulletin of the Geological Society of Malaysia,2008,http://www.gsm.org.my/products/702001-100485-PDF.pdf,FAILED,404 Client Error: Not Found for url: http://gsm.org.my/products/702001-100485-PDF.pdf
10.1016/j.gr.2023.08.005,The central Qiangtang Metamorphic Belt in northern Tibet is an in-situ Paleo-Tethys Ocean: Evidence from newly discovered Late Devonian radiolarians,Gondwana Research,2023,https://doi.org/10.1016/j.gr.2023.08.005,FAILED,not pdf content-type: application/json
10.2298/gabp1071119d,Middle Jurassic radiolarian assemblages from Zlatar Mt. (SW Serbia),Geoloski anali Balkanskog poluostrva,2010,http://www.doiserbia.nb.rs/ft.aspx?id=0350-06081071119D,FAILED,"HTTPSConnectionPool(host='www.doiserbia.nb.rs', port=443): Max retries exceeded with url: /ft.aspx?id=0350-06081071119D (Caused by SSLError(SSLCertVerificationError(1, ""[SSL: CERTIFICATE_VERIFY_FAILED] certificate verify failed: Hostname mismatch, certificate is not valid for 'www.doiserbia.nb.rs'. (_ssl.c:1017)"")))"
10.5575/geosoc.106.713,"Geology, radiolarians, and geologic age of the Hokusetsu Subgroup in the Shitara area, Aichi Prefecture, central Japan.",The Journal of the Geological Society of Japan,2000,https://www.jstage.jst.go.jp/article/geosoc1893/106/10/106_10_713/_pdf,OK,2.88MB
10.1186/s40645-020-00384-6,Phylogenetic positions of “pico-sized” radiolarians from middle layer waters of the tropical Pacific,Progress in Earth and Planetary Science,2020,https://progearthplanetsci.springeropen.com/track/pdf/10.1186/s40645-020-00384-6,OK,2.63MB
10.33265/polar.v38.3444,"The radiolarian fauna during the Younger Dryas–Holocene transition in Andfjorden, northern Norway",Polar Research,2019,https://polarresearch.net/index.php/polar/article/download/3444/9586,OK,7.46MB
10.3140/bull.geosci.2006.01.017,"Sponge spicules and radiolarians from the Olešná Member of the Klabava Formation (Ordovician, Prague Basin, Czech Republic)",Bulletin of Geosciences,2006,http://www.geology.cz/bulletin/fulltext/bullgeosci200601017.pdf,OK,0.81MB
10.5575/geosoc.113.274,"Middle Jurassic radiolarians from carbonate manganese nodules in the Otori Formation in the eastern part of the Kuzumaki-Kamaishi Subbelt, the North Kitakami Belt, Northeast Japan",The Journal of the Geological Society of Japan,2007,https://www.jstage.jst.go.jp/article/geosoc/113/6/113_6_274/_pdf,OK,1.98MB
10.2973/odp.proc.sr.127128-1.125.1992,Radiolarians from the Sea of Japan: Leg 128,Unknown,1992,https://doi.org/10.2973/odp.proc.sr.127128-1.125.1992,FAILED,not pdf content-type: application/json
10.9795/bullgsj.70.137,Radiolarian assemblages from the lower to middle Miocene at IODP Site U1335 in the eastern equatorial Pacific,BULLETIN OF THE GEOLOGICAL SURVEY OF JAPAN,2019,https://www.jstage.jst.go.jp/article/bullgsj/70/1-2/70_137/_pdf,OK,40.64MB
10.4202/app.00618.2019,"Pliensbachian, Early Jurassic radiolarians from Mount Rettenstein in the Northern Calcareous Alps, Austria",Acta Palaeontologica Polonica,2020,http://www.app.pan.pl/article/item/article/item/app006182019.html?pdf=39,OK,1.37MB
10.1007/s12583-017-0740-x,"Middle Triassic radiolarians from cherts/siliceous shales in an extensional basin in the Sukhothai fold belt, Northern Thailand",Journal of Earth Science,2017,https://figshare.com/articles/journal_contribution/Middle_Triassic_radiolarians_from_cherts_siliceous_shales_in_an_extensional_basin_in_the_Sukhothai_fold_belt_Northern_Thailand/22969679,FAILED,403 Client Error: Forbidden for url: https://figshare.com/articles/journal_contribution/Middle_Triassic_radiolarians_from_cherts_siliceous_shales_in_an_extensional_basin_in_the_Sukhothai_fold_belt_Northern_Thailand/22969679
10.9795/bullgsj.71.331,"SIMS analysis of Si isotope for radiolarian test in Mesozoic bedded chert, Inuyama, central Japan",BULLETIN OF THE GEOLOGICAL SURVEY OF JAPAN,2020,https://www.jstage.jst.go.jp/article/bullgsj/71/4/71_331/_pdf,OK,3.39MB
10.1016/j.palwor.2011.02.002,"Upper Paleocene radiolarians from DSDP Sites 549 and 550, Goban Spur, NE Atlantic",Palaeoworld,2011,http://hdl.handle.net/10722/151322,FAILED,403 Client Error: Forbidden for url: https://hub.hku.hk/handle/10722/151322
10.5575/geosoc.111.624,"Lower Cretaceous radiolarian bedded chert from the Mineoka Belt, Boso Peninsula, Japan",The Journal of the Geological Society of Japan,2005,https://www.jstage.jst.go.jp/article/geosoc/111/10/111_10_624/_pdf,OK,0.74MB
10.5194/jm-39-61-2020,Skeletal architecture of middle Cambrian spicular radiolarians revealed using micro-CT,Journal of Micropalaeontology,2020,https://jm.copernicus.org/articles/39/61/2020/jm-39-61-2020.pdf,OK,9.23MB
10.1144/jmpaleo2013-028,Pseudopodial silica absorption hypothesis (PSA hypothesis): a new function of pseudopodia in living radiolarian polycystine cells,Journal of Micropalaeontology,2014,https://jm.copernicus.org/articles/33/143/2014/jm-33-143-2014.pdf,OK,2.06MB
10.9795/bullgsj.70.195,Late Miocene polycystine radiolarians of the Japan Sea (IODP Exp. 346 Site U1425),BULLETIN OF THE GEOLOGICAL SURVEY OF JAPAN,2019,https://www.jstage.jst.go.jp/article/bullgsj/70/1-2/70_195/_pdf,OK,11.75MB
10.1016/j.revmic.2022.100606,"Diversity of polycystine radiolarians in sediment traps from the Ionian, North Aegean and Cretan Seas: A preliminary account",Revue de Micropaléontologie,2022,https://www.sciencedirect.com/science/article/am/pii/S0035159822000022?via%3Dihub,FAILED,403 Client Error: Forbidden for url: https://www.sciencedirect.com/science/article/am/pii/S0035159822000022?via%3Dihub
10.1016/j.dib.2018.01.041,Distribution of the polycystine radiolarian species in the Quaternary sediment cores of the subarctic North Atlantic and Sea of Okhotsk,Data in Brief,2018,https://doi.org/10.1016/j.dib.2018.01.041,FAILED,not pdf content-type: application/json
10.9795/bullgsj.70.101,Summer surface water polycystine radiolarians in the eastern margin of the Japan Sea,BULLETIN OF THE GEOLOGICAL SURVEY OF JAPAN,2019,https://www.jstage.jst.go.jp/article/bullgsj/70/1-2/70_101/_pdf,OK,5.72MB
10.2973/odp.proc.sr.160.007.1998,"Late Quaternary polycystine radiolarians and silicoflagellates of a diatomaceous sapropel from the Eastern Mediterranean, Sites 969 and 971",Unknown,1998,https://doi.org/10.2973/odp.proc.sr.160.007.1998,FAILED,not pdf content-type: application/json
10.1016/j.revmic.2024.100773,"Pirumosphaera armandae nov. sp., a new Southern Ocean polycystine radiolarian genus and species",Revue de Micropaléontologie,2024,https://doi.org/10.1016/j.revmic.2024.100773,FAILED,not pdf content-type: application/json
10.1016/j.revmic.2021.100515,"Lower Pliocene and Upper Miocene collodarians and spumellarians (polycystine radiolarians) from the northwestern Pacific Ocean (ODP Site 1208) Collodaires et spumellaires (radiolaires polycystines), datant du Pliocène inférieur aux Miocène supérieur de l'océan Pacifique du Nord-Ouest (site ODP 1208)",Revue de Micropaléontologie,2021,https://www.sciencedirect.com/science/article/am/pii/S0035159821000350?via%3Dihub,FAILED,403 Client Error: Forbidden for url: https://www.sciencedirect.com/science/article/am/pii/S0035159821000350?via%3Dihub
10.1111/pre.12530,"Composition of galactolipids, betaine lipids and triglyceride‐associated fatty acids of the symbiotic dinoflagellate <scp><i>Zooxanthella</i></scp> (<i>Brandtodinium</i>) <i>nutricula</i>: A glimpse into polyunsaturated fatty acids available to its polycystine radiolarian host",Phycological Research,2023,https://onlinelibrary.wiley.com/doi/pdfdirect/10.1111/pre.12530,FAILED,403 Client Error: Forbidden for url: https://onlinelibrary.wiley.com/doi/pdfdirect/10.1111/pre.12530
10.4202/app.00367.2017,Applications and limitations of Micro-XCT imaging in the studies of Permian radiolarians: a new genus with bi-polar main spines,Acta Palaeontologica Polonica,2017,http://www.app.pan.pl/article/item/article/item/app003672017.html?pdf=39,OK,1.37MB
10.4467/16890027ap.17.006.7481,"Achradina pulchra, a Unique Dinoflagellate (Amphilothales, Dinophyceae) with a Radiolarian-like Endoskeleton of Celestite (Strontium Sulfate)",Acta Protozoologica,2017,http://www.ejournals.eu/pliki/art/10270/,OK,1.34MB
10.1144/jmpaleo2012-025,"The legacy of early radiolarian taxonomists, with a focus on the species published by early German workers",Journal of Micropalaeontology,2014,https://jm.copernicus.org/articles/33/3/2014/jm-33-3-2014.pdf,OK,1.48MB
10.7185/gold2023.20941,Silicon isotopic fractionation by modern polycystine radiolarians,Unknown,2023,https://goldschmidtabstracts.info/2023/20941.pdf,FAILED,"HTTPSConnectionPool(host='goldschmidtabstracts.info', port=443): Max retries exceeded with url: /2023/20941.pdf (Caused by ProxyError('Unable to connect to proxy', NewConnectionError(""HTTPSConnection(host='127.0.0.1', port=7890): Failed to establish a new connection: [WinError 10061] 由于目标计算机积极拒绝，无法连接。"")))"
10.1594/pangaea.112379,"(Table 3) SSST from polycystine radiolarians, and ages of sediment core MD95-2011",Figshare,1995,https://doi.org/10.1594/pangaea.112379,FAILED,"HTTPSConnectionPool(host='doi.org', port=443): Max retries exceeded with url: /10.1594/pangaea.112379 (Caused by ProxyError('Unable to connect to proxy', NewConnectionError(""HTTPSConnection(host='127.0.0.1', port=7890): Failed to establish a new connection: [WinError 10061] 由于目标计算机积极拒绝，无法连接。"")))"
10.25607/obp-481,Confocal Microscopy imaging for Opaline Silica Single Cell Skeletons (Polycystines Radiolaria).,IOC of UNESCO (Intergovernmental Oceanographic Commission),2018,https://doi.org/10.25607/obp-481,FAILED,"HTTPSConnectionPool(host='doi.org', port=443): Max retries exceeded with url: /10.25607/obp-481 (Caused by ProxyError('Unable to connect to proxy', NewConnectionError(""HTTPSConnection(host='127.0.0.1', port=7890): Failed to establish a new connection: [WinError 10061] 由于目标计算机积极拒绝，无法连接。"")))"
10.25607/obp-477,Scanning Electron Microscopy imaging for Opaline Silica Single Cell Skeletons (Polycystines Radiolaria). Version 3.,IOC of UNESCO (Intergovernmental Oceanographic Commission),2018,https://doi.org/10.25607/obp-477,FAILED,"HTTPSConnectionPool(host='doi.org', port=443): Max retries exceeded with url: /10.25607/obp-477 (Caused by ProxyError('Unable to connect to proxy', NewConnectionError(""HTTPSConnection(host='127.0.0.1', port=7890): Failed to establish a new connection: [WinError 10061] 由于目标计算机积极拒绝，无法连接。"")))"
10.1371/journal.pone.0326053.s005,"Putative juvenile specimen morphologies across all polycystine Radiolaria orders, photographed live under darkfield and brightfield microscopy (shipboard dissecting scope; Leica MZAPO).",Figshare,2025,https://doi.org/10.1371/journal.pone.0326053.s005,FAILED,"HTTPSConnectionPool(host='doi.org', port=443): Max retries exceeded with url: /10.1371/journal.pone.0326053.s005 (Caused by ProxyError('Unable to connect to proxy', NewConnectionError(""HTTPSConnection(host='127.0.0.1', port=7890): Failed to establish a new connection: [WinError 10061] 由于目标计算机积极拒绝，无法连接。"")))"
10.34405/0002000765,"Pleistocene to Upper Miocene collodarians and spumellarians (polycystine radiolarians) from the western Indian Ocean, ODP Site 710",Institutional Repositories DataBase (IRDB),2024,https://rose-ibadai.repo.nii.ac.jp/records/2000765,FAILED,"HTTPSConnectionPool(host='rose-ibadai.repo.nii.ac.jp', port=443): Max retries exceeded with url: /records/2000765 (Caused by ProxyError('Unable to connect to proxy', NewConnectionError(""HTTPSConnection(host='127.0.0.1', port=7890): Failed to establish a new connection: [WinError 10061] 由于目标计算机积极拒绝，无法连接。"")))"
10.4319/lo.2010.55.2.0604,"Sedimentation of acantharian cysts in the Iceland Basin: Strontium as a ballast for deep ocean particle flux, and implications for acantharian reproductive strategies",Limnology and Oceanography,2010,https://aslopubs.onlinelibrary.wiley.com/doi/pdfdirect/10.4319/lo.2010.55.2.0604,FAILED,"HTTPSConnectionPool(host='aslopubs.onlinelibrary.wiley.com', port=443): Max retries exceeded with url: /doi/pdfdirect/10.4319/lo.2010.55.2.0604 (Caused by ProxyError('Unable to connect to proxy', NewConnectionError(""HTTPSConnection(host='127.0.0.1', port=7890): Failed to establish a new connection: [WinError 10061] 由于目标计算机积极拒绝，无法连接。"")))"
10.5194/jm-43-69-2024,"Progress in the taxonomy of Late Cretaceous high-latitude radiolarians: insights from the Horton River area, Northwest Territories, Canada",Journal of Micropalaeontology,2024,https://jm.copernicus.org/articles/43/69/2024/jm-43-69-2024.pdf,FAILED,"HTTPSConnectionPool(host='jm.copernicus.org', port=443): Max retries exceeded with url: /articles/43/69/2024/jm-43-69-2024.pdf (Caused by ProxyError('Unable to connect to proxy', NewConnectionError(""HTTPSConnection(host='127.0.0.1', port=7890): Failed to establish a new connection: [WinError 10061] 由于目标计算机积极拒绝，无法连接。"")))"
10.2139/ssrn.4807267,"Late Miocene radiolarian data from the sediment core of NGHP–01–17A in the Andaman and Nicobar Basin, NE Indian Ocean",SSRN Electronic Journal,2024,http://dx.doi.org/10.2139/ssrn.4807267,FAILED,"HTTPConnectionPool(host='127.0.0.1', port=7890): Max retries exceeded with url: http://dx.doi.org/10.2139/ssrn.4807267 (Caused by ProxyError('Unable to connect to proxy', NewConnectionError(""HTTPConnection(host='127.0.0.1', port=7890): Failed to establish a new connection: [WinError 10061] 由于目标计算机积极拒绝，无法连接。"")))"
10.1002/lno.11567,"Paired high‐throughput, in situ imaging and high‐throughput sequencing illuminate acantharian abundance and vertical distribution",Limnology and Oceanography,2020,https://aslopubs.onlinelibrary.wiley.com/doi/pdfdirect/10.1002/lno.11567,FAILED,"HTTPSConnectionPool(host='aslopubs.onlinelibrary.wiley.com', port=443): Max retries exceeded with url: /doi/pdfdirect/10.1002/lno.11567 (Caused by ProxyError('Unable to connect to proxy', NewConnectionError(""HTTPSConnection(host='127.0.0.1', port=7890): Failed to establish a new connection: [WinError 10061] 由于目标计算机积极拒绝，无法连接。"")))"
10.5194/jm-37-1-2018,Quaternary radiolarian biostratigraphy in the subarctic northeastern Pacific (IODP Expedition 341 Site U1417) and synchroneity of bioevents across the North Pacific,Journal of Micropalaeontology,2018,https://www.j-micropalaeontol.net/37/1/2018/jm-37-1-2018.pdf,OK,2.80MB
10.3390/biology10030202,The First Record and Classification of Planktonic Radiolarian (Phylum Retaria) and Phaeodarian (Phylum Cercozoa) in the Eastern Indian Ocean,Biology,2021,https://www.mdpi.com/2079-7737/10/3/202/pdf?version=1616121232,FAILED,403 Client Error: Forbidden for url: https://www.mdpi.com/2079-7737/10/3/202/pdf?version=1616121232
10.5575/geosoc.111.404,Seasonal changes in fluxes and assemblages of radiolarians collected by sediment trap experiments in the northwestern Pacific: a family-level analysis,The Journal of the Geological Society of Japan,2005,https://www.jstage.jst.go.jp/article/geosoc/111/7/111_7_404/_pdf,OK,1.60MB
10.9795/bullgsj.70.225,"A report of Permian, Triassic, and Jurassic radiolarian occurrences from the Ashio terrane in the Hachioji Hills, eastern Gunma Prefecture, central Japan",BULLETIN OF THE GEOLOGICAL SURVEY OF JAPAN,2019,https://www.jstage.jst.go.jp/article/bullgsj/70/1-2/70_225/_pdf,OK,20.46MB
10.1016/j.marmicro.2022.102198,New Southern Ocean transfer function for subsurface temperature prediction using radiolarian assemblages,Marine Micropaleontology,2022,https://archimer.ifremer.fr/doc/00809/92131/122370.pdf,OK,5.90MB
10.9795/bullgsj.70.163,Middle to late Miocene radiolarians from ODP Site 1021 in the eastern North Pacific,BULLETIN OF THE GEOLOGICAL SURVEY OF JAPAN,2019,https://www.jstage.jst.go.jp/article/bullgsj/70/1-2/70_163/_pdf,OK,40.94MB
10.3389/fmars.2018.00387,"Symbiont Chloroplasts Remain Active During Bleaching-Like Response Induced by Thermal Stress in Collozoum pelagicum (Collodaria, Retaria)",Frontiers in Marine Science,2018,https://doi.org/10.3389/fmars.2018.00387,FAILED,not pdf content-type: application/json
10.1016/j.dsr.2015.04.011,Radiolarian tests as microhabitats for novel benthic foraminifera: Observations from the abyssal eastern equatorial Pacific (Clarion–Clipperton Fracture Zone),Deep Sea Research Part I Oceanographic Research Papers,2015,https://www.sciencedirect.com/science/article/pii/S0967063715000850,FAILED,403 Client Error: Forbidden for url: https://www.sciencedirect.com/science/article/pii/S0967063715000850
10.5575/geosoc.110.463,Temporal and vertical flux changes of radiolarians in the western and central equatorial Pacific during the 1999 La Niña conditions,The Journal of the Geological Society of Japan,2004,https://www.jstage.jst.go.jp/article/geosoc/110/8/110_8_463/_pdf,OK,1.26MB
10.1002/lno.11928,New evaluation of species‐specific biogenic silica flux of radiolarians (Rhizaria) in the western Arctic Ocean using microfocus X‐ray computed tomography,Limnology and Oceanography,2021,https://onlinelibrary.wiley.com/doi/pdfdirect/10.1002/lno.11928,FAILED,403 Client Error: Forbidden for url: https://onlinelibrary.wiley.com/doi/pdfdirect/10.1002/lno.11928
10.15517/rgac.v58i0.32846,Miocene to Recent Radiolarians from Southern Pacific Coast of Costa Rica,Revista Geológica de América Central,2018,https://revistas.ucr.ac.cr/index.php/geologica/article/download/32846/32519,OK,8.56MB
10.1144/jmpaleo2013-034,New species of Neogene radiolarians from the Southern Ocean – part III,Journal of Micropalaeontology,2015,https://jm.copernicus.org/articles/34/181/2015/jm-34-181-2015.pdf,OK,8.98MB
10.9795/bullgsj.71.313,"Late Jurassic radiolarians from mudstone near the U–Pb-dated sandstone ofthe North Kitakami Belt in the northeastern Shimokita Peninsula, Tohoku, Japan",BULLETIN OF THE GEOLOGICAL SURVEY OF JAPAN,2020,https://www.jstage.jst.go.jp/article/bullgsj/71/4/71_313/_pdf,OK,6.30MB
10.1186/s40645-021-00465-0,"Millennial-scale oscillations in the Kuroshio–Oyashio boundary during MIS 19 based on the radiolarian record from the Chiba composite section, central Japan",Progress in Earth and Planetary Science,2022,https://progearthplanetsci.springeropen.com/counter/pdf/10.1186/s40645-021-00465-0,OK,3.20MB
10.14379/iodp.proc.363.206.2023,Data report: Middle to Lower Miocene radiolarian biostratigraphy in the Western Pacific Warm Pool at IODP Expedition 363 Site U1490: preliminary results,Proceedings of the International Ocean Discovery Program. Expedition reports,2023,https://www.gsj.jp/data/bulletin/70_01_12.pdf,FAILED,[Errno 2] No such file or directory: '放射虫论文_OA_download\\Matsuzaki_2023 - Proceedings of the International Ocean Discovery Program. Expedition reports - Data report_ Middle to Lower Miocene radiolarian biostratigraphy in the Western Pacific Warm Pool at IODP Expediti.pdf'
10.9795/bullgsj.72.345,"Occurrence report of Triassic and Jurassic radiolarians from the Jurassic accretionary complexes of the Ashio belt in eastern Mt. Narukami, Ashio Mountains, central Japan",BULLETIN OF THE GEOLOGICAL SURVEY OF JAPAN,2021,https://www.jstage.jst.go.jp/article/bullgsj/72/4/72_345/_pdf,OK,5.16MB
10.5194/jm-43-37-2024,Radiolarian assemblages related to the ocean–ice interaction around the East Antarctic coast,Journal of Micropalaeontology,2024,https://jm.copernicus.org/articles/43/37/2024/jm-43-37-2024.pdf,OK,11.54MB
10.1029/2019gb006258,Phaeodaria: An Important Carrier of Particulate Organic Carbon in the Mesopelagic Twilight Zone of the North Pacific Ocean,Global Biogeochemical Cycles,2019,https://agupubs.onlinelibrary.wiley.com/doi/pdfdirect/10.1029/2019GB006258,FAILED,403 Client Error: Forbidden for url: https://agupubs.onlinelibrary.wiley.com/doi/pdfdirect/10.1029/2019GB006258
10.3800/pbr.8.107,"Aulographis japonica sp. nov. (Phaeodaria, Aulacanthida, Aulacanthidae), an abundant zooplankton in the deep sea of the Sea of Japan",Plankton and Benthos Research,2013,https://www.jstage.jst.go.jp/article/pbr/8/3/8_107/_pdf,OK,5.50MB
10.1038/s41598-024-64227-w,A biogenic geodesic dome of the silica skeleton in Phaeodaria,Scientific Reports,2024,https://www.nature.com/articles/s41598-024-64227-w.pdf,OK,4.04MB
10.15298/invertzool.16.4.06,"Phaeodaria from the northwestern Pacific, with description of a new species, Challengeron tochilinae",Invertzool,2019,https://kmkjournals.com/upload/PDF/IZ/IZ%20Vol%2016/invert16_4_393_397_Chernyshev.pdf,FAILED,"('Connection broken: IncompleteRead(16138 bytes read, 310979 more expected)', IncompleteRead(16138 bytes read, 310979 more expected))"
10.18353/crustacea.51.0_111,"First record of the maternal care behavior of a “rhizarian rider,”&lt;i&gt;Phronimopsis spinifera&lt;/i&gt; Claus, 1879 (Amphipoda, Hyperiidea), in association with &lt;i&gt;Aulosphaera&lt;/i&gt; sp. (Rhizaria, Cercozoa, Phaeodaria, Aulosphaeridae)",Crustacean Research,2022,https://www.jstage.jst.go.jp/article/crustacea/51/0/51_111/_pdf,OK,3.19MB
10.17632/j9262jxgt8.1,Carbon and Nitrogen content and cell biovolume of marine protist Rhizaria (Radiolaria and Phaeodaria),Data Archiving and Networked Services (DANS),2021,https://doi.org/10.17632/j9262jxgt8.1,FAILED,not pdf content-type: text/html; charset=utf-8
10.21494/iste.op.2019.0420,Ernst Haeckel’s Radiolarians and Medusa: The influence of his visits to Villefranche on his science and his art,Arts et sciences,2019,https://www.openscience.fr/IMG/pdf/iste_artsci19v3n2_3.pdf,OK,2.37MB
10.2973/odp.proc.sr.114.142.1991,Tripylean Radiolarians from the Subantarctic Atlantic,Unknown,1991,https://doi.org/10.2973/odp.proc.sr.114.142.1991,FAILED,not pdf content-type: application/json
10.1016/j.marmicro.2025.102500,Radiolarian and Phaeodarian high-rank assemblage change through time in the Scotia Sea: A paleo-genomics approach (IODP Exp. 382),Marine Micropaleontology,2025,https://doi.org/10.1016/j.marmicro.2025.102500,FAILED,not pdf content-type: application/json
10.35463/j.apr.2019.01.03,"ON THE STATUS OF THE COLLOSPHAERID RADIOLARIAN SPECIES SIPHONOSPHAERA BRACHYSIPHONIA DUMITRICĂ, 1978 AND SIPHONOSPHAERA ARKYS SU, 1982",Acta Palaeontologica Romaniae,2019,https://doi.org/10.35463/j.apr.2019.01.03,FAILED,not pdf content-type: application/json
10.1144/jmpaleo2012-023,Radiolarian researchers based in Italy during the late nineteenth and early twentieth centuries,Journal of Micropalaeontology,2014,https://jm.copernicus.org/articles/33/95/2014/jm-33-95-2014.pdf,OK,2.93MB
10.3390/min12121545,"Filling Characteristics of Radiolarian Siliceous Shell Cavities at Wufeng-Longmaxi Shale in Sichuan Basin, Southwest China",Minerals,2022,https://www.mdpi.com/2075-163X/12/12/1545/pdf?version=1669812461,FAILED,403 Client Error: Forbidden for url: https://www.mdpi.com/2075-163X/12/12/1545/pdf?version=1669812461
10.1016/j.quascirev.2020.106565,Life on the ice-edge: Paleoenvironmental significance of the radiolarian species Amphimelissa setosa in the northern hemisphere,Quaternary Science Reviews,2020,https://doi.org/10.1016/j.quascirev.2020.106565,FAILED,not pdf content-type: application/json
10.35463/j.apr.2022.02.06,VALANGINIAN RADIOLARIANS OF NE SARDINIA (ITALY) IN THE FRAME OF THE WEISSERT EVENT,Acta Palaeontologica Romaniae,2022,https://doi.org/10.35463/j.apr.2022.02.06,FAILED,not pdf content-type: application/json
10.1186/s40645-025-00753-z,New evaluation of vertical particulate organic carbon fluxes of submillimeter-sized phaeodarians in the mesopelagic twilight zone of the western North Pacific Ocean,Progress in Earth and Planetary Science,2025,https://progearthplanetsci.springeropen.com/counter/pdf/10.1186/s40645-025-00753-z,OK,4.34MB
10.12688/openreseurope.14983.1,Carbon and nitrogen uptake through photosynthesis and feeding by photosymbiotic Acantharia,Open Research Europe,2022,https://doi.org/10.12688/openreseurope.14983.1,FAILED,not pdf content-type: application/json
10.4454/ofioliti.v38i2.425,"NEOGENE RADIOLARIAN BIOSTRATIGRAPHY FROM ODP LEG 119, SITE 745",Ofioliti,2013,https://www.ofioliti.it/index.php/ofioliti/article/view/425,FAILED,not pdf content-type: text/html; charset=utf-8
10.1016/j.palaeo.2024.112345,"A revision of the Carnian/Norian boundary radiolarian assemblages: Insight from the biostratigraphic record of the Norian GSSP, Pizzo Mondello section (Sicily, Italy)",Palaeogeography Palaeoclimatology Palaeoecology,2024,https://doi.org/10.1016/j.palaeo.2024.112345,FAILED,not pdf content-type: application/json
10.4067/s0717-65382008000100010,RADIOLARIOS POLYCYSTINA (PROTOZOA: NASSELLARIA Y SPUMELLARIA) SEDIMENTADOS EN LA ZONA CENTRO-SUR DE CHILE (36°- 43° S),Gayana,2008,http://www.scielo.cl/pdf/gayana/v72n1/art10.pdf,FAILED,522 Server Error: <none> for url: https://www.scielo.cl/pdf/gayana/v72n1/art10.pdf
10.31857/s0031031x23030029,"On the Systematic Status of Genus &lt;i&gt;Bathropyramis&lt;/i&gt; Haeckel (Radiolaria, Nassellaria)",Палеонтологический журнал,2023,https://journals.rcsi.science/0031-031X/article/download/137096/115030,FAILED,"('Connection broken: IncompleteRead(8512 bytes read, 304802 more expected)', IncompleteRead(8512 bytes read, 304802 more expected))"
10.9795/bullgsj.67.81,"Jurassic radiolarians from the Ichinohe–Kunohe area (Iwate Prefecture) in the North Kitakami Belt, Japan",BULLETIN OF THE GEOLOGICAL SURVEY OF JAPAN,2016,https://www.jstage.jst.go.jp/article/bullgsj/67/3/67_81/_pdf,OK,5.68MB
10.1002/spp2.1581,"Radiolarian response to environmental changes at the Sinemurian–Pliensbachian transition in the Northern Calcareous Alps, Austria",Papers in Palaeontology,2024,https://onlinelibrary.wiley.com/doi/pdfdirect/10.1002/spp2.1581,FAILED,403 Client Error: Forbidden for url: https://onlinelibrary.wiley.com/doi/pdfdirect/10.1002/spp2.1581
10.9795/bullgsj.64.85,"Triassic to Middle Jurassic radiolarians from pelagic cherts in the Nanjō Mountains, Southwest Japan - Part 1. Imajō district",BULLETIN OF THE GEOLOGICAL SURVEY OF JAPAN,2013,https://doi.org/10.9795/bullgsj.64.85,FAILED,not pdf content-type: application/json
10.9795/bullgsj.64.151,"Triassic to Middle Jurassic radiolarians from pelagic chertsin the Nanjō Mountains, Southwest Japan – Part 2. Kanmuri Yama district",BULLETIN OF THE GEOLOGICAL SURVEY OF JAPAN,2013,https://doi.org/10.9795/bullgsj.64.151,FAILED,not pdf content-type: application/json
10.9795/bullgsj.55.335,"Jurassic radiolarians from chert and clastic rocks of the Chichibu Belt in the Toyohashi district, Aichi Prefecture, Southwest Japan.",BULLETIN OF THE GEOLOGICAL SURVEY OF JAPAN,2004,https://www.jstage.jst.go.jp/article/bullgsj/55/9-10/55_335/_pdf,OK,5.64MB
10.1016/j.jsames.2017.01.003,"Finding of two new radiolarian associations calibrated with ammonoids in the Vaca Muerta Formation (Late Jurassic–Early Cretaceous), Neuquén Basin, Argentina",Journal of South American Earth Sciences,2017,https://www.sciencedirect.com/science/article/pii/S0895981117300184,FAILED,403 Client Error: Forbidden for url: https://www.sciencedirect.com/science/article/pii/S0895981117300184
10.5575/geosoc.111.170,"Early Jurassic radiolarians from the Chichibu Composite Belt in the Sannokou area, central Kii Peninsula, Southwest Japan",The Journal of the Geological Society of Japan,2005,https://www.jstage.jst.go.jp/article/geosoc/111/3/111_3_170/_pdf,OK,1.17MB
10.13130/2039-4942/5913,"CALLOVIAN RADIOLARIANS FROM THE LOWERMOST CALCARE SELCIFERO DI FONZASO AT PONTE SERRA (TRENTO PLATEAU, SOUTHERN ALPS, ITALY)",Riviste UNIMI (Università degli studi di Milano),2015,https://riviste.unimi.it/index.php/RIPS/article/view/5913,FAILED,not pdf content-type: text/html; charset=utf-8
10.9795/bullgsj.54.279,"Reexamination of radiolarian biochronology of the Shimizu Formation (Northern Chichibu Belt) in the Shimizu-Misato area, western Kii Peninsula,Southwest Japan.",BULLETIN OF THE GEOLOGICAL SURVEY OF JAPAN,2003,https://www.jstage.jst.go.jp/article/bullgsj/54/7-8/54_279/_pdf,OK,0.74MB
10.5026/jgeography.105.53,"Occurrence and Significance of Late Jurassic Radiolarians in Allochthonous Blocks of the Torinosu-type Limestone in the Northern Shimanto Terrane, Shikoku, Japan.",Journal of Geography (Chigaku Zasshi),1996,https://www.jstage.jst.go.jp/article/jgeography1889/105/1/105_1_53/_pdf,OK,3.00MB
10.1016/j.cretres.2020.104451,"New Albian (Cretaceous) radiolarian age constraints for the Dumak ophiolitic mélange from the Shuru area, Eastern Iran",Cretaceous Research,2020,https://www.sciencedirect.com/science/article/pii/S0195667119302708,FAILED,403 Client Error: Forbidden for url: https://www.sciencedirect.com/science/article/pii/S0195667119302708
10.5575/geosoc.2013.0030,"Latest Late Jurassic to early Late Cretaceous radiolarians extracted from a gravel of the calcareous nodule originated from the basal conglomerate of the Pliocene Naarai Formation, Choshi area of Kanto Region, central Japan.",The Journal of the Geological Society of Japan,2013,https://www.jstage.jst.go.jp/article/geosoc/119/9/119_2013.0030/_pdf,OK,2.89MB
10.2973/odp.proc.sr.143.208.1995,"Data Report: Cenozoic Radiolarians from Leg 143, Hole 869A, Equatorial Pacific Ocean",Unknown,1995,https://doi.org/10.2973/odp.proc.sr.143.208.1995,FAILED,not pdf content-type: application/json
10.1144/jmpaleo2014-033,"Upper Cretaceous radiolarians reworked in the Eocene London Clay Formation, SE England",Journal of Micropalaeontology,2016,https://www.j-micropalaeontol.net/35/133/2016/jm-35-133-2016.pdf,OK,1.45MB
10.1016/j.revmic.2025.100841,"Paleoecology of Early Ladinian low-diversity radiolarian fauna from Mt. Svilaja (External Dinarides, Croatia)",Revue de Micropaléontologie,2025,https://doi.org/10.1016/j.revmic.2025.100841,FAILED,not pdf content-type: application/json
10.9795/bullgsj.55.303,"Triassic radiolarians from chert of the Chichibu Belt in the Toyohashi district,Aichi Prefecture, Southwest Japan.",BULLETIN OF THE GEOLOGICAL SURVEY OF JAPAN,2004,https://www.jstage.jst.go.jp/article/bullgsj/55/9-10/55_303/_pdf,OK,2.75MB
10.9795/bullgsj.72.359,"Radiolarians and foraminifers from the Omama Complex of Jurassic accretionary complex in the Ashio Mountains, central Japan",BULLETIN OF THE GEOLOGICAL SURVEY OF JAPAN,2021,https://www.jstage.jst.go.jp/article/bullgsj/72/4/72_359/_pdf,OK,5.43MB
10.35463/j.apr.2024.01.05,NEW MIDDLE TRIASSIC BELL-SHAPED NASSELLARIAN RADIOLARIA FROM ALPINE AND CARPATHIAN AREAS,Acta Palaeontologica Romaniae,2024,https://doi.org/10.35463/j.apr.2024.01.05,FAILED,not pdf content-type: application/json
10.1016/j.cub.2025.06.057,No consistent size responses in radiolarians to the climatic changes and mass extinctions during the Paleozoic-Mesozoic transition,Current Biology,2025,https://research-information.bris.ac.uk/en/publications/92277064-7373-4c0f-95f2-a4a7f331abdb,FAILED,403 Client Error: Forbidden for url: https://research-information.bris.ac.uk/en/publications/92277064-7373-4c0f-95f2-a4a7f331abdb
10.17632/6knkwdcxb6.1,"Radiolarian data from the submarine Vityaz Ridge, Northwest Pacific, for biostratigraphic and paleoceanographic reconstructions_Tables",Data Archiving and Networked Services (DANS),2021,https://doi.org/10.17632/6knkwdcxb6.1,FAILED,not pdf content-type: text/html; charset=utf-8
10.1111/pala.12672,A new method for extracting conodonts and radiolarians from chert with <scp>N</scp>a<scp>OH</scp> solution,Palaeontology,2023,https://onlinelibrary.wiley.com/doi/pdfdirect/10.1111/pala.12672,FAILED,403 Client Error: Forbidden for url: https://onlinelibrary.wiley.com/doi/pdfdirect/10.1111/pala.12672
10.1038/s41598-024-63755-9,A dilute sodium hydroxide technique for radiolarian extraction from cherts,Scientific Reports,2024,https://www.nature.com/articles/s41598-024-63755-9.pdf,OK,2.18MB
10.1017/jpa.2021.18,"Middle Ordovician (middle Darriwilian) Archaeospicularia and Entactinaria (radiolarians) from the Table Cove Formation, Piccadilly Quarry, Newfoundland, Canada",Journal of Paleontology,2021,https://www.cambridge.org/core/services/aop-cambridge-core/content/view/AF99D441C920C75FA2235F2F6DC29B29/S0022336021000184a.pdf/div-class-title-middle-ordovician-middle-darriwilian-archaeospicularia-and-entactinaria-radiolarians-from-the-table-cove-formation-piccadilly-quarry-newfoundland-canada-div.pdf,OK,4.44MB
10.1017/jpa.2023.13,"Micro-CT analysis of Katian radiolarians from the Malongulli Formation, New South Wales, Australia, and implications for skeletogenesis",Journal of Paleontology,2023,https://www.cambridge.org/core/services/aop-cambridge-core/content/view/9A941EA82D76621632EDFADE9F7298A7/S0022336023000136a.pdf/div-class-title-micro-ct-analysis-of-katian-radiolarians-from-the-malongulli-formation-new-south-wales-australia-and-implications-for-skeletogenesis-div.pdf,OK,1.74MB
10.9795/bullgsj.71.281,"Middle Jurassic radiolarians from the ammonite bearing Toyora Group, Yamaguchi Prefecture, Southwest Japan",BULLETIN OF THE GEOLOGICAL SURVEY OF JAPAN,2020,https://www.jstage.jst.go.jp/article/bullgsj/71/4/71_281/_pdf,OK,2.15MB
10.2973/odp.proc.sr.130.019.1993,"Cretaceous Radiolarians from the Ontong Java Plateau, Western Pacific, Holes 803D and 807C",Unknown,1993,https://doi.org/10.2973/odp.proc.sr.130.019.1993,FAILED,not pdf content-type: application/json
10.5281/zenodo.4465568,"Middle-Late Triassic radiolarian assemblages from chert clasts of the Excelsior Gulch conglomerate (Wallowa terrane, Oregon, U.S.A.)",Archive ouverte UNIGE (University of Geneva),2020,https://archive-ouverte.unige.ch/unige:148434,FAILED,not pdf content-type: text/html; charset=utf-8
10.1007/s00015-006-0602-5,An online micropaleontology database: Radiolaria.org,Eclogae Geologicae Helvetiae,2006,https://sjg.springeropen.com/counter/pdf/10.1007/s00015-006-0602-5,OK,0.26MB
10.9795/bullgsj.70.249,Development of Paleozoic - Mesozoic radiolarian research in the latter half of the 20th century in Japan,BULLETIN OF THE GEOLOGICAL SURVEY OF JAPAN,2019,https://www.jstage.jst.go.jp/article/bullgsj/70/1-2/70_249/_pdf,OK,0.57MB
10.4072/rbp.2013.2.02,"Benthic foraminifera, ostracods and radiolarians from the Lachman Crags Member (Santa Marta Formation), upper Santonian-lower Campanian (Upper Cretaceous) of James Ross Island, Antarctica",Revista Brasileira de Paleontologia,2013,https://doi.org/10.4072/rbp.2013.2.02,FAILED,not pdf content-type: application/json
10.17504/protocols.io.t5req56,Single cell rDNA amplification of Nassellaria (Radiolaria) v1,Unknown,,https://www.protocols.io/view/single-cell-rdna-amplification-of-nassellaria-radi-t5req56,FAILED,not pdf content-type: text/html; charset=utf-8
10.17504/protocols.io.xwvfpe6,Single cell rDNA amplification of Spumellaria (Radiolaria) v1,Unknown,,https://www.protocols.io/view/single-cell-rdna-amplification-of-spumellaria-radi-xwvfpe6,FAILED,not pdf content-type: text/html; charset=utf-8
10.17504/protocols.io.ug9etz6,Scanning Electron Microscopy imaging for Opaline Silica Single Cell Skeletons (Polycystines Radiolaria) v3,Unknown,,https://www.protocols.io/view/scanning-electron-microscopy-imaging-for-opaline-s-ug9etz6,FAILED,not pdf content-type: text/html; charset=utf-8
10.17504/protocols.io.t5qeq5w,Confocal Microscopy imaging for Opaline Silica Single Cell Skeletons (Polycystines Radiolaria) v1,Unknown,,https://www.protocols.io/view/confocal-microscopy-imaging-for-opaline-silica-sin-t5qeq5w,FAILED,not pdf content-type: text/html; charset=utf-8
10.17504/protocols.io.t5meq46,Scanning Electron Microscopy imaging for Opaline Silica Single Cell Skeletons (Polycystines Radiolaria) v1,Unknown,,https://www.protocols.io/view/scanning-electron-microscopy-imaging-for-opaline-s-t5meq46,FAILED,not pdf content-type: text/html; charset=utf-8
10.17504/protocols.io.bqeamtae,"Isolation of clean single-cell samples for physiological or molecular experiments (Radiolaria, Acantharia) v1",Unknown,,https://www.protocols.io/view/isolation-of-clean-single-cell-samples-for-physiol-bqeamtae,FAILED,not pdf content-type: text/html; charset=utf-8
10.17504/protocols.io.5kgg4tw,"Collect of Collodarian (Rhizaria, Radiolaria)  nuclei for genomic analyses v1",Unknown,,https://www.protocols.io/view/collect-of-collodarian-rhizaria-radiolaria-nuclei-5kgg4tw,FAILED,not pdf content-type: text/html; charset=utf-8
10.17504/protocols.io.bqvrmw56,"Isolation of clean single-cell samples for physiological or molecular experiments (Radiolaria, Acantharia) v2",Unknown,,https://www.protocols.io/view/isolation-of-clean-single-cell-samples-for-physiol-bqvrmw56,FAILED,not pdf content-type: text/html; charset=utf-8
10.1101/2024.10.02.614131,Diversity and evolution of Radiolaria: Beyond the stars of the ocean,Unknown,,https://syndication.highwire.org/content/doi/10.1101/2024.10.02.614131,FAILED,403 Client Error: Forbidden for url: https://syndication.highwire.org/content/doi/10.1101/2024.10.02.614131
10.1111/1462-2920.16004,Diversity and ecology of Radiolaria in modern oceans,Environmental Microbiology,2022,https://onlinelibrary.wiley.com/doi/pdf/10.1111/1462-2920.16004,FAILED,403 Client Error: Forbidden for url: https://onlinelibrary.wiley.com/doi/pdf/10.1111/1462-2920.16004
10.1016/j.revmic.2025.100882,Paleozoic and Mesozoic Radiolaria: De Wever Type Collection,Revue de Micropaléontologie,2026,https://api.elsevier.com/content/article/PII:S0035159825000509?httpAccept=text/xml,FAILED,not pdf content-type: text/xml;charset=utf-8
10.1101/2020.06.29.176917,Morpho-molecular diversity and evolutionary analyses suggest hidden life styles in Spumellaria (Radiolaria),Unknown,,https://syndication.highwire.org/content/doi/10.1101/2020.06.29.176917,FAILED,403 Client Error: Forbidden for url: https://syndication.highwire.org/content/doi/10.1101/2020.06.29.176917
10.29017/scog.42.2.378,"NEW SPECIES OF RADIOLARIA FROM THE ISLAND OF BUTON, SOUTH EAST SULAWESI",Scientific Contributions Oil and Gas,2019,http://journal.lemigas.esdm.go.id/index.php/SCOG/article/viewFile/378/226,OK,1.89MB
10.1144/jm.2.1.31,The distribution of Recent Radiolaria in surficial sediments of the continental margin off northern Namibia,Journal of Micropalaeontology,1983,https://jm.copernicus.org/articles/2/31/1983/jm-2-31-1983.pdf,OK,1.25MB
10.21203/rs.3.rs-1091014/v1,"Micro- and Nanometric Characterization of the Celestite Skeleton of Acantharian Species (Radiolaria, Rhizaria)",Unknown,,https://www.researchsquare.com/article/rs-1091014/v1,FAILED,not pdf content-type: text/html; charset=utf-8
10.4236/ojg.2013.38048,Pleistocene Radiolaria from Leg 119 Site 738B (Sections 1H1-1H2): Systematics and Biostratigraphy,Open Journal of Geology,2013,http://www.scirp.org/journal/doi.aspx?DOI=10.4236/ojg.2013.38048,FAILED,not pdf content-type: text/html; charset=utf-8
10.1002/bies.70148,Unifying Retaria Research: A Common Framework for Studying Foraminifera and Radiolaria,BioEssays,2026,https://onlinelibrary.wiley.com/doi/pdf/10.1002/bies.70148,FAILED,403 Client Error: Forbidden for url: https://onlinelibrary.wiley.com/doi/pdf/10.1002/bies.70148
10.1177/05529360251383224,"Upper-Quaternary Radiolaria from the Piston Core ABP-06, Indian Ocean: Taxonomy and biostratigraphy",Journal of the Palaeontological Society of India,2025,https://journals.sagepub.com/doi/pdf/10.1177/05529360251383224,FAILED,403 Client Error: Forbidden for url: https://journals.sagepub.com/doi/pdf/10.1177/05529360251383224
10.1051/matecconf/202440203007,"First evidence Jurassic-Cretaceous radiolaria in Menanga Formation, Lampung, Sumatra, Indonesia",MATEC Web of Conferences,2024,https://www.matec-conferences.org/10.1051/matecconf/202440203007/pdf,OK,0.75MB
10.5194/essd-2021-148,The Southern Ocean RADiolarian (SO-RAD) dataset: a new compilation of modern radiolarian census data,Unknown,,https://essd.copernicus.org/articles/13/5441/2021/essd-13-5441-2021-discussion.html,FAILED,not pdf content-type: text/html
10.1144/jmpaleo2012-026,Editorial: The legacy of early radiolarian taxonomists,Journal of Micropalaeontology,2014,https://jm.copernicus.org/articles/33/1/2014/jm-33-1-2014.pdf,OK,0.53MB
10.1144/jm.23.1.39,Late Neogene-Quaternary radiolarian biostratigraphy: a brief review,Journal of Micropalaeontology,2004,https://jm.copernicus.org/articles/23/39/2004/jm-23-39-2004.pdf,OK,0.24MB
10.2204/iodp.proc.329.202.2015,Data report: radiolarian occurrences at IODP Expedition 329 Site U1371,Proceedings of the IODP,2015,http://publications.iodp.org/proceedings/329/202/202_.htm,FAILED,not pdf content-type: text/html
10.32942/x2v359,Response to “Radiolarian evolution: Analytical challenges in estimating the diversity and origin of Nature’s stars”,Unknown,,https://ecoevorxiv.org/repository/object/10805/download/19827/,OK,0.72MB
10.5566/ias.2089,Geometrical Properties of Skeletal Structures of Radiolarian Genus Didymocyrtis,Image Analysis &amp; Stereology,2019,https://www.ias-iss.org/ojs/IAS/article/viewFile/2089/1110,OK,1.62MB
10.1007/s12542-022-00643-5,"Radiolarian cherts and associated siliceous rocks of the Rhenish Massif and Harz Mountains, lower Carboniferous (Mississippian), Germany",PalZ,2023,https://link.springer.com/content/pdf/10.1007/s12542-022-00643-5.pdf,OK,2.92MB
10.1016/j.dib.2022.108092,"Radiolarian data from the submarine Vityaz Ridge, Northwest Pacific, for biostratigraphic and paleoceanographic reconstructions",Data in Brief,2022,https://api.elsevier.com/content/article/PII:S235234092200292X?httpAccept=text/xml,FAILED,not pdf content-type: text/xml;charset=utf-8
10.14379/iodp.proc.349.203.2017,"Data report: radiolarian abundances from IODP Holes U1431D, U1432C, and U1433A, Expedition 349",Proceedings of the International Ocean Discovery Program,2017,http://publications.iodp.org/proceedings/349/ERR/CHAPTERS/349_203.pdf,OK,3.84MB
10.5194/egusphere-2024-3686,Faithful transfer of radiolarian silicon isotope signatures from water column to sediments in the South China Sea,Unknown,,https://egusphere.copernicus.org/preprints/2024/egusphere-2024-3686/,FAILED,not pdf content-type: text/html
10.3897/arphapreprints.e201191,Skeleton growth pattern of a late Cambrian - early Ordovician radiolarian species revealed by X-ray tomography; Paleobiological implications,Unknown,,https://preprints.arphahub.com/article/201191/download/pdf/,OK,0.42MB
10.3986/9789612545192,"Catalogue and Systematics of Pliensbachian, Toarcian and Aalenian Radiolarian Genera and Species",Unknown,2006,https://omp.zrc-sazu.si/zalozba/catalog/book/556,FAILED,not pdf content-type: text/html; charset=utf-8
10.1016/0377-8398(86)90017-4,The radiolarian fauna of western Norwegian fjords: Patterns of abundance in the plankton,Marine Micropaleontology,1986,https://api.elsevier.com/content/article/PII:0377839886900174?httpAccept=text/xml,FAILED,not pdf content-type: text/xml;charset=utf-8
10.51835/bsed.2024.50.1.455,Late Jurassic and Early Cretaceous Radiolarian Age Determinations from Timor-Leste,Berita Sedimentologi,2024,https://journal.iagi.or.id/index.php/FOSI/article/viewFile/455/434,OK,2.37MB
10.5194/cp-2020-76,"A new automated radiolarian image acquisition, stacking, processing, segmentation, and identification workflow",Unknown,,https://cp.copernicus.org/articles/16/2415/2020/cp-16-2415-2020-discussion.html,FAILED,not pdf content-type: text/html
10.5194/bg-22-3533-2025,Faithful transfer of radiolarian silicon isotope signatures from water column to sediments in the South China Sea,Biogeosciences,2025,https://bg.copernicus.org/articles/22/3533/2025/bg-22-3533-2025.pdf,OK,4.88MB
10.1144/jm.14.2.135,Pliocene–Pleistocene radiolarian and diatom biostratigraphy of ODP Hole 709C (equatorial Indian Ocean),Journal of Micropalaeontology,1995,https://jm.copernicus.org/articles/14/135/1995/jm-14-135-1995.pdf,OK,1.90MB
10.1080/27669645.2021.2003009,"An example of ridge-proximal hydrothermal mineralisation: evidence from radiolarian chert-hosted Fe-Mn-oxide mineralisation within the İzmir-Ankara-Erzincan Neotethyan Ocean, Central Turkey",All Earth,2021,https://www.tandfonline.com/doi/pdf/10.1080/27669645.2021.2003009,FAILED,403 Client Error: Forbidden for url: https://www.tandfonline.com/doi/pdf/10.1080/27669645.2021.2003009
10.5194/cpd-11-2977-2015,Expansion and diversification of high-latitude radiolarian   assemblages in the late Eocene linked to a cooling event in the   Southwest Pacific,Unknown,,https://cp.copernicus.org/preprints/11/2977/2015/cpd-11-2977-2015.pdf,OK,4.86MB
10.11646/mesozoic.1.3.13,"An Early Cretaceous radiolarian assemblage from the strata south to the Zhongba microterrane in the Zhongba area, southern Tibet",Mesozoic,2024,https://mapress.com/mz/article/download/mesozoic.1.3.13/54493,OK,19.15MB
10.1016/j.palaeo.2024.112398,Santonian-early Maastrichtian radiolarian biostratigraphy of the northern mainland coast of Arctic Canada,"Palaeogeography, Palaeoclimatology, Palaeoecology",2024,https://api.elsevier.com/content/article/PII:S0031018224003870?httpAccept=text/xml,FAILED,not pdf content-type: text/xml;charset=utf-8
10.7717/peerj.9976,Radiolarian assemblages in the shelf area of the East China Sea and Yellow Sea and their ecological indication of the Kuroshio Current derivative branches,PeerJ,2020,https://peerj.com/articles/9976.pdf,FAILED,403 Client Error: Forbidden for url: https://peerj.com/articles/9976.pdf
10.11646/mesozoic.1.3.16,A review of the radiolarian faunas in the Bangong-Nujiang Suture Zone: Implications for the tectonic evolution of the Mesotethys Ocean,Mesozoic,2024,https://mapress.com/mz/article/download/mesozoic.1.3.16/54496,OK,9.57MB
10.5194/jm-43-93-2024,"Diatom and radiolarian biostratigraphy in the Pliocene sequence of ODP Site 697 (Jane Basin, Atlantic sector of the Southern Ocean)",Journal of Micropalaeontology,2024,https://jm.copernicus.org/articles/43/93/2024/jm-43-93-2024.pdf,OK,7.41MB
10.11137/2006_1_484-485,"Foraminiferal, ostracode and radiolarian biostratigraphy of the Campanian-Maastrichtian and K/P boundary of synorogenic basins of Cuba",Anuário do Instituto de Geociências,2006,https://revistas.ufrj.br/index.php/aigeo/article/viewFile/6425/5022,OK,0.03MB
10.1134/s0869593824700308,Upper Jurassic and Lowermost Cretaceous Boreal Radiolarian Assemblages of Russia and Their Paleobiogeographic and Stratigraphic Significance: a Review,Stratigraphy and Geological Correlation,2025,https://link.springer.com/content/pdf/10.1134/S0869593824700308.pdf,OK,1.96MB
10.1134/s0869593826010016,Erratum to: Upper Jurassic and Lowermost Cretaceous Boreal Radiolarian Assemblages of Russia and Their Paleobiogeographic and Stratigraphic Significance: a Review,Stratigraphy and Geological Correlation,2026,https://link.springer.com/content/pdf/10.1134/S0869593826010016.pdf,OK,0.07MB
10.1016/s0377-8398(98)00029-2,Fine structure of the colonial radiolarian Collozoum serpentinum (Polycystinea: Spumellaria) with a reconsideration of its taxonomic status and re-establishment of the genus Collophidium (Haeckel),Marine Micropaleontology,1999,https://api.elsevier.com/content/article/PII:S0377839898000292?httpAccept=text/xml,FAILED,not pdf content-type: text/xml;charset=utf-8
10.21203/rs.3.rs-24663/v1,"Millennial-scale changes in sea-surface temperature and productivity along the Kuroshio–Oyashio boundary during MIS-19 based on the radiolarian record from the Chiba composite section, central Japan",Unknown,,https://www.researchsquare.com/article/rs-24663/v1,FAILED,not pdf content-type: text/html; charset=utf-8
10.21203/rs.3.rs-24663/v2,"Millennial-scale changes in sea-surface temperature and productivity along the Kuroshio–Oyashio boundary during MIS-19 based on the radiolarian record from the Chiba composite section, central Japan",Unknown,,https://www.researchsquare.com/article/rs-24663/v2,FAILED,not pdf content-type: text/html; charset=utf-8
10.1144/jm.3.1.33,"The Triassic radiolarian genus, &amp;lt;i&amp;gt;Triassocrucella&amp;lt;/i&amp;gt; gen. nov. and the Jurassic &amp;lt;i&amp;gt;Hagiastrum&amp;lt;/i&amp;gt; Haeckel, 1882",Journal of Micropalaeontology,1984,https://jm.copernicus.org/articles/3/5/1984/jm-3-5-1984.pdf,OK,0.97MB
10.1029/2025pa005165,Changes in the Indonesian Throughflow Since the Late Miocene Based on Radiolarian Assemblages From ODP Site 710 in the Western Tropical Indian Ocean: Implications of the Indo‐Pacific Gateway (Indonesian Seaway),Paleoceanography and Paleoclimatology,2026,https://agupubs.onlinelibrary.wiley.com/doi/pdf/10.1029/2025PA005165,FAILED,403 Client Error: Forbidden for url: https://agupubs.onlinelibrary.wiley.com/doi/pdf/10.1029/2025PA005165
10.3389/fmars.2023.1135900,"Seasonal variations of siliceous microplankton fluxes and radiolarian assemblages linked to environmental conditions in Prydz Bay polynya, Eastern Antarctica",Frontiers in Marine Science,2023,https://www.frontiersin.org/articles/10.3389/fmars.2023.1135900/full,FAILED,not pdf content-type: text/html;charset=utf-8
10.1111/iar.70009,"Diatom and Radiolarian Biostratigraphy in the Vicinity of the 2011 Tohoku Earthquake Source Fault in
                    <scp>IODP</scp>
                    Hole 343‐
                    <scp>C0019E</scp>
                    of
                    <scp>JFAST</scp>",Island Arc,2025,https://onlinelibrary.wiley.com/doi/pdf/10.1111/iar.70009,FAILED,403 Client Error: Forbidden for url: https://onlinelibrary.wiley.com/doi/pdf/10.1111/iar.70009
10.1088/1755-1315/212/1/012042,"Phenomenon of schistic breccia, autoclastic breccia and radiolarian chert, a Mesozoic tectonic trace in Bantimala Tectonic Complex Area, Pangkep Regency South Sulawesi Province",IOP Conference Series: Earth and Environmental Science,2018,http://stacks.iop.org/1755-1315/212/i=1/a=012042/pdf,FAILED,not pdf content-type: text/html; charset=utf-8
10.4467/16890027ap.21.001.14061,"Notes on the Occurrence of Tintinnid Ciliates, and the Nasselarian Radiolarian Amphimelissa setosa of the Marine Microzooplankton, in the Chukchi Sea (Arctic Ocean) Sampled each August from 2011 to 2020",Acta Protozoologica,2021,https://www.ejournals.eu/pliki/art/19560/,OK,23.83MB
10.1186/s40645-025-00706-6,Review of radiolarian microfossils as a tool for reconstructing sea surface temperature of the past in the Northwest Pacific,Progress in Earth and Planetary Science,2025,https://link.springer.com/content/pdf/10.1186/s40645-025-00706-6.pdf,OK,6.62MB
10.2298/gabp231028010d,Radiolarian assemblage from radiolarites of the Krs Gradac section (SW Serbia): On the way to a better reconstruction of the Middle-Late Jurassic geodynamic history of the Inner Dinarides,Geoloski anali Balkanskoga poluostrva,2023,https://doiserbia.nb.rs/Article.aspx?ID=0350-06082300010D,FAILED,not pdf content-type: text/html; charset=utf-8
